idColor,codigoHexadecimal,nombre
1,#E0218A,Barbie Pink
2,#FF1493,Hot Pink
3,#FFB6C1,Pastel Pink
4,#00FFFF,Cyan
5,#FF00FF,Magenta
6,#32CD32,Lime Green
7,#E6E6FA,Lavender
8,#EE82EE,Violet
9,#98FF98,Mint
10,#FFD700,Gold
11,#C0C0C0,Silver
12,#B76E79,Rose Gold
13,#F3E5AB,Pearlescent White
14,#0F0F0F,Onyx Black
15,#FFFFFF,Clear Translucent
16,#E0218A,Barbie Pink
17,#FF1493,Hot Pink
18,#FFB6C1,Pastel Pink
19,#00FFFF,Cyan
20,#FF00FF,Magenta
21,#32CD32,Lime Green
22,#E6E6FA,Lavender
23,#EE82EE,Violet
24,#98FF98,Mint
25,#FFD700,Gold
26,#C0C0C0,Silver
27,#B76E79,Rose Gold
28,#F3E5AB,Pearlescent White
29,#0F0F0F,Onyx Black
30,#FFFFFF,Clear Translucent
31,#E0218A,Barbie Pink
32,#FF1493,Hot Pink
33,#FFB6C1,Pastel Pink
34,#00FFFF,Cyan
35,#FF00FF,Magenta
36,#32CD32,Lime Green
37,#E6E6FA,Lavender
38,#EE82EE,Violet
39,#98FF98,Mint
40,#FFD700,Gold
41,#C0C0C0,Silver
42,#B76E79,Rose Gold
43,#F3E5AB,Pearlescent White
44,#0F0F0F,Onyx Black
45,#FFFFFF,Clear Translucent
46,#E0218A,Barbie Pink
47,#FF1493,Hot Pink
48,#FFB6C1,Pastel Pink
49,#00FFFF,Cyan
50,#FF00FF,Magenta
51,#32CD32,Lime Green
52,#E6E6FA,Lavender
53,#EE82EE,Violet
54,#98FF98,Mint
55,#FFD700,Gold
56,#C0C0C0,Silver
57,#B76E79,Rose Gold
58,#F3E5AB,Pearlescent White
59,#0F0F0F,Onyx Black
60,#FFFFFF,Clear Translucent
61,#E0218A,Barbie Pink
62,#FF1493,Hot Pink
63,#FFB6C1,Pastel Pink
64,#00FFFF,Cyan
65,#FF00FF,Magenta
66,#32CD32,Lime Green
67,#E6E6FA,Lavender
68,#EE82EE,Violet
69,#98FF98,Mint
70,#FFD700,Gold
71,#C0C0C0,Silver
72,#B76E79,Rose Gold
73,#F3E5AB,Pearlescent White
74,#0F0F0F,Onyx Black
75,#FFFFFF,Clear Translucent
76,#E0218A,Barbie Pink
77,#FF1493,Hot Pink
78,#FFB6C1,Pastel Pink
79,#00FFFF,Cyan
80,#FF00FF,Magenta
81,#32CD32,Lime Green
82,#E6E6FA,Lavender
83,#EE82EE,Violet
84,#98FF98,Mint
85,#FFD700,Gold
86,#C0C0C0,Silver
87,#B76E79,Rose Gold
88,#F3E5AB,Pearlescent White
89,#0F0F0F,Onyx Black
90,#FFFFFF,Clear Translucent
91,#E0218A,Barbie Pink
92,#FF1493,Hot Pink
93,#FFB6C1,Pastel Pink
94,#00FFFF,Cyan
95,#FF00FF,Magenta
96,#32CD32,Lime Green
97,#E6E6FA,Lavender
98,#EE82EE,Violet
99,#98FF98,Mint
100,#FFD700,Gold
101,#C0C0C0,Silver
102,#B76E79,Rose Gold
103,#F3E5AB,Pearlescent White
104,#0F0F0F,Onyx Black
105,#FFFFFF,Clear Translucent
106,#E0218A,Barbie Pink
107,#FF1493,Hot Pink
108,#FFB6C1,Pastel Pink
109,#00FFFF,Cyan
110,#FF00FF,Magenta
111,#32CD32,Lime Green
112,#E6E6FA,Lavender
113,#EE82EE,Violet
114,#98FF98,Mint
115,#FFD700,Gold
116,#C0C0C0,Silver
117,#B76E79,Rose Gold
118,#F3E5AB,Pearlescent White
119,#0F0F0F,Onyx Black
120,#FFFFFF,Clear Translucent
121,#E0218A,Barbie Pink
122,#FF1493,Hot Pink
123,#FFB6C1,Pastel Pink
124,#00FFFF,Cyan
125,#FF00FF,Magenta
126,#32CD32,Lime Green
127,#E6E6FA,Lavender
128,#EE82EE,Violet
129,#98FF98,Mint
130,#FFD700,Gold
131,#C0C0C0,Silver
132,#B76E79,Rose Gold
133,#F3E5AB,Pearlescent White
134,#0F0F0F,Onyx Black
135,#FFFFFF,Clear Translucent
136,#E0218A,Barbie Pink
137,#FF1493,Hot Pink
138,#FFB6C1,Pastel Pink
139,#00FFFF,Cyan
140,#FF00FF,Magenta
141,#32CD32,Lime Green
142,#E6E6FA,Lavender
143,#EE82EE,Violet
144,#98FF98,Mint
145,#FFD700,Gold
146,#C0C0C0,Silver
147,#B76E79,Rose Gold
148,#F3E5AB,Pearlescent White
149,#0F0F0F,Onyx Black
150,#FFFFFF,Clear Translucent
151,#E0218A,Barbie Pink
152,#FF1493,Hot Pink
153,#FFB6C1,Pastel Pink
154,#00FFFF,Cyan
155,#FF00FF,Magenta
156,#32CD32,Lime Green
157,#E6E6FA,Lavender
158,#EE82EE,Violet
159,#98FF98,Mint
160,#FFD700,Gold
161,#C0C0C0,Silver
162,#B76E79,Rose Gold
163,#F3E5AB,Pearlescent White
164,#0F0F0F,Onyx Black
165,#FFFFFF,Clear Translucent
166,#E0218A,Barbie Pink
167,#FF1493,Hot Pink
168,#FFB6C1,Pastel Pink
169,#00FFFF,Cyan
170,#FF00FF,Magenta
171,#32CD32,Lime Green
172,#E6E6FA,Lavender
173,#EE82EE,Violet
174,#98FF98,Mint
175,#FFD700,Gold
176,#C0C0C0,Silver
177,#B76E79,Rose Gold
178,#F3E5AB,Pearlescent White
179,#0F0F0F,Onyx Black
180,#FFFFFF,Clear Translucent
181,#E0218A,Barbie Pink
182,#FF1493,Hot Pink
183,#FFB6C1,Pastel Pink
184,#00FFFF,Cyan
185,#FF00FF,Magenta
186,#32CD32,Lime Green
187,#E6E6FA,Lavender
188,#EE82EE,Violet
189,#98FF98,Mint
190,#FFD700,Gold
191,#C0C0C0,Silver
192,#B76E79,Rose Gold
193,#F3E5AB,Pearlescent White
194,#0F0F0F,Onyx Black
195,#FFFFFF,Clear Translucent
196,#E0218A,Barbie Pink
197,#FF1493,Hot Pink
198,#FFB6C1,Pastel Pink
199,#00FFFF,Cyan
200,#FF00FF,Magenta
201,#32CD32,Lime Green
202,#E6E6FA,Lavender
203,#EE82EE,Violet
204,#98FF98,Mint
205,#FFD700,Gold
206,#C0C0C0,Silver
207,#B76E79,Rose Gold
208,#F3E5AB,Pearlescent White
209,#0F0F0F,Onyx Black
210,#FFFFFF,Clear Translucent
211,#E0218A,Barbie Pink
212,#FF1493,Hot Pink
213,#FFB6C1,Pastel Pink
214,#00FFFF,Cyan
215,#FF00FF,Magenta
216,#32CD32,Lime Green
217,#E6E6FA,Lavender
218,#EE82EE,Violet
219,#98FF98,Mint
220,#FFD700,Gold
221,#C0C0C0,Silver
222,#B76E79,Rose Gold
223,#F3E5AB,Pearlescent White
224,#0F0F0F,Onyx Black
225,#FFFFFF,Clear Translucent
226,#E0218A,Barbie Pink
227,#FF1493,Hot Pink
228,#FFB6C1,Pastel Pink
229,#00FFFF,Cyan
230,#FF00FF,Magenta
231,#32CD32,Lime Green
232,#E6E6FA,Lavender
233,#EE82EE,Violet
234,#98FF98,Mint
235,#FFD700,Gold
236,#C0C0C0,Silver
237,#B76E79,Rose Gold
238,#F3E5AB,Pearlescent White
239,#0F0F0F,Onyx Black
240,#FFFFFF,Clear Translucent
241,#E0218A,Barbie Pink
242,#FF1493,Hot Pink
243,#FFB6C1,Pastel Pink
244,#00FFFF,Cyan
245,#FF00FF,Magenta
246,#32CD32,Lime Green
247,#E6E6FA,Lavender
248,#EE82EE,Violet
249,#98FF98,Mint
250,#FFD700,Gold
251,#C0C0C0,Silver
252,#B76E79,Rose Gold
253,#F3E5AB,Pearlescent White
254,#0F0F0F,Onyx Black
255,#FFFFFF,Clear Translucent
256,#E0218A,Barbie Pink
257,#FF1493,Hot Pink
258,#FFB6C1,Pastel Pink
259,#00FFFF,Cyan
260,#FF00FF,Magenta
261,#32CD32,Lime Green
262,#E6E6FA,Lavender
263,#EE82EE,Violet
264,#98FF98,Mint
265,#FFD700,Gold
266,#C0C0C0,Silver
267,#B76E79,Rose Gold
268,#F3E5AB,Pearlescent White
269,#0F0F0F,Onyx Black
270,#FFFFFF,Clear Translucent
271,#E0218A,Barbie Pink
272,#FF1493,Hot Pink
273,#FFB6C1,Pastel Pink
274,#00FFFF,Cyan
275,#FF00FF,Magenta
276,#32CD32,Lime Green
277,#E6E6FA,Lavender
278,#EE82EE,Violet
279,#98FF98,Mint
280,#FFD700,Gold
281,#C0C0C0,Silver
282,#B76E79,Rose Gold
283,#F3E5AB,Pearlescent White
284,#0F0F0F,Onyx Black
285,#FFFFFF,Clear Translucent
286,#E0218A,Barbie Pink
287,#FF1493,Hot Pink
288,#FFB6C1,Pastel Pink
289,#00FFFF,Cyan
290,#FF00FF,Magenta
291,#32CD32,Lime Green
292,#E6E6FA,Lavender
293,#EE82EE,Violet
294,#98FF98,Mint
295,#FFD700,Gold
296,#C0C0C0,Silver
297,#B76E79,Rose Gold
298,#F3E5AB,Pearlescent White
299,#0F0F0F,Onyx Black
300,#FFFFFF,Clear Translucent
301,#E0218A,Barbie Pink
302,#FF1493,Hot Pink
303,#FFB6C1,Pastel Pink
304,#00FFFF,Cyan
305,#FF00FF,Magenta
306,#32CD32,Lime Green
307,#E6E6FA,Lavender
308,#EE82EE,Violet
309,#98FF98,Mint
310,#FFD700,Gold
311,#C0C0C0,Silver
312,#B76E79,Rose Gold
313,#F3E5AB,Pearlescent White
314,#0F0F0F,Onyx Black
315,#FFFFFF,Clear Translucent
316,#E0218A,Barbie Pink
317,#FF1493,Hot Pink
318,#FFB6C1,Pastel Pink
319,#00FFFF,Cyan
320,#FF00FF,Magenta
321,#32CD32,Lime Green
322,#E6E6FA,Lavender
323,#EE82EE,Violet
324,#98FF98,Mint
325,#FFD700,Gold
326,#C0C0C0,Silver
327,#B76E79,Rose Gold
328,#F3E5AB,Pearlescent White
329,#0F0F0F,Onyx Black
330,#FFFFFF,Clear Translucent
331,#E0218A,Barbie Pink
332,#FF1493,Hot Pink
333,#FFB6C1,Pastel Pink
334,#00FFFF,Cyan
335,#FF00FF,Magenta
336,#32CD32,Lime Green
337,#E6E6FA,Lavender
338,#EE82EE,Violet
339,#98FF98,Mint
340,#FFD700,Gold
341,#C0C0C0,Silver
342,#B76E79,Rose Gold
343,#F3E5AB,Pearlescent White
344,#0F0F0F,Onyx Black
345,#FFFFFF,Clear Translucent
346,#E0218A,Barbie Pink
347,#FF1493,Hot Pink
348,#FFB6C1,Pastel Pink
349,#00FFFF,Cyan
350,#FF00FF,Magenta
351,#32CD32,Lime Green
352,#E6E6FA,Lavender
353,#EE82EE,Violet
354,#98FF98,Mint
355,#FFD700,Gold
356,#C0C0C0,Silver
357,#B76E79,Rose Gold
358,#F3E5AB,Pearlescent White
359,#0F0F0F,Onyx Black
360,#FFFFFF,Clear Translucent
361,#E0218A,Barbie Pink
362,#FF1493,Hot Pink
363,#FFB6C1,Pastel Pink
364,#00FFFF,Cyan
365,#FF00FF,Magenta
366,#32CD32,Lime Green
367,#E6E6FA,Lavender
368,#EE82EE,Violet
369,#98FF98,Mint
370,#FFD700,Gold
371,#C0C0C0,Silver
372,#B76E79,Rose Gold
373,#F3E5AB,Pearlescent White
374,#0F0F0F,Onyx Black
375,#FFFFFF,Clear Translucent
376,#E0218A,Barbie Pink
377,#FF1493,Hot Pink
378,#FFB6C1,Pastel Pink
379,#00FFFF,Cyan
380,#FF00FF,Magenta
381,#32CD32,Lime Green
382,#E6E6FA,Lavender
383,#EE82EE,Violet
384,#98FF98,Mint
385,#FFD700,Gold
386,#C0C0C0,Silver
387,#B76E79,Rose Gold
388,#F3E5AB,Pearlescent White
389,#0F0F0F,Onyx Black
390,#FFFFFF,Clear Translucent
391,#E0218A,Barbie Pink
392,#FF1493,Hot Pink
393,#FFB6C1,Pastel Pink
394,#00FFFF,Cyan
395,#FF00FF,Magenta
396,#32CD32,Lime Green
397,#E6E6FA,Lavender
398,#EE82EE,Violet
399,#98FF98,Mint
400,#FFD700,Gold
401,#C0C0C0,Silver
402,#B76E79,Rose Gold
403,#F3E5AB,Pearlescent White
404,#0F0F0F,Onyx Black
405,#FFFFFF,Clear Translucent
406,#E0218A,Barbie Pink
407,#FF1493,Hot Pink
408,#FFB6C1,Pastel Pink
409,#00FFFF,Cyan
410,#FF00FF,Magenta
411,#32CD32,Lime Green
412,#E6E6FA,Lavender
413,#EE82EE,Violet
414,#98FF98,Mint
415,#FFD700,Gold
416,#C0C0C0,Silver
417,#B76E79,Rose Gold
418,#F3E5AB,Pearlescent White
419,#0F0F0F,Onyx Black
420,#FFFFFF,Clear Translucent
421,#E0218A,Barbie Pink
422,#FF1493,Hot Pink
423,#FFB6C1,Pastel Pink
424,#00FFFF,Cyan
425,#FF00FF,Magenta
426,#32CD32,Lime Green
427,#E6E6FA,Lavender
428,#EE82EE,Violet
429,#98FF98,Mint
430,#FFD700,Gold
431,#C0C0C0,Silver
432,#B76E79,Rose Gold
433,#F3E5AB,Pearlescent White
434,#0F0F0F,Onyx Black
435,#FFFFFF,Clear Translucent
436,#E0218A,Barbie Pink
437,#FF1493,Hot Pink
438,#FFB6C1,Pastel Pink
439,#00FFFF,Cyan
440,#FF00FF,Magenta
441,#32CD32,Lime Green
442,#E6E6FA,Lavender
443,#EE82EE,Violet
444,#98FF98,Mint
445,#FFD700,Gold
446,#C0C0C0,Silver
447,#B76E79,Rose Gold
448,#F3E5AB,Pearlescent White
449,#0F0F0F,Onyx Black
450,#FFFFFF,Clear Translucent
451,#E0218A,Barbie Pink
452,#FF1493,Hot Pink
453,#FFB6C1,Pastel Pink
454,#00FFFF,Cyan
455,#FF00FF,Magenta
456,#32CD32,Lime Green
457,#E6E6FA,Lavender
458,#EE82EE,Violet
459,#98FF98,Mint
460,#FFD700,Gold
461,#C0C0C0,Silver
462,#B76E79,Rose Gold
463,#F3E5AB,Pearlescent White
464,#0F0F0F,Onyx Black
465,#FFFFFF,Clear Translucent
466,#E0218A,Barbie Pink
467,#FF1493,Hot Pink
468,#FFB6C1,Pastel Pink
469,#00FFFF,Cyan
470,#FF00FF,Magenta
471,#32CD32,Lime Green
472,#E6E6FA,Lavender
473,#EE82EE,Violet
474,#98FF98,Mint
475,#FFD700,Gold
476,#C0C0C0,Silver
477,#B76E79,Rose Gold
478,#F3E5AB,Pearlescent White
479,#0F0F0F,Onyx Black
480,#FFFFFF,Clear Translucent
481,#E0218A,Barbie Pink
482,#FF1493,Hot Pink
483,#FFB6C1,Pastel Pink
484,#00FFFF,Cyan
485,#FF00FF,Magenta
486,#32CD32,Lime Green
487,#E6E6FA,Lavender
488,#EE82EE,Violet
489,#98FF98,Mint
490,#FFD700,Gold
491,#C0C0C0,Silver
492,#B76E79,Rose Gold
493,#F3E5AB,Pearlescent White
494,#0F0F0F,Onyx Black
495,#FFFFFF,Clear Translucent
496,#E0218A,Barbie Pink
497,#FF1493,Hot Pink
498,#FFB6C1,Pastel Pink
499,#00FFFF,Cyan
500,#FF00FF,Magenta
501,#32CD32,Lime Green
502,#E6E6FA,Lavender
503,#EE82EE,Violet
504,#98FF98,Mint
505,#FFD700,Gold
506,#C0C0C0,Silver
507,#B76E79,Rose Gold
508,#F3E5AB,Pearlescent White
509,#0F0F0F,Onyx Black
510,#FFFFFF,Clear Translucent
511,#E0218A,Barbie Pink
512,#FF1493,Hot Pink
513,#FFB6C1,Pastel Pink
514,#00FFFF,Cyan
515,#FF00FF,Magenta
516,#32CD32,Lime Green
517,#E6E6FA,Lavender
518,#EE82EE,Violet
519,#98FF98,Mint
520,#FFD700,Gold
521,#C0C0C0,Silver
522,#B76E79,Rose Gold
523,#F3E5AB,Pearlescent White
524,#0F0F0F,Onyx Black
525,#FFFFFF,Clear Translucent
526,#E0218A,Barbie Pink
527,#FF1493,Hot Pink
528,#FFB6C1,Pastel Pink
529,#00FFFF,Cyan
530,#FF00FF,Magenta
531,#32CD32,Lime Green
532,#E6E6FA,Lavender
533,#EE82EE,Violet
534,#98FF98,Mint
535,#FFD700,Gold
536,#C0C0C0,Silver
537,#B76E79,Rose Gold
538,#F3E5AB,Pearlescent White
539,#0F0F0F,Onyx Black
540,#FFFFFF,Clear Translucent
541,#E0218A,Barbie Pink
542,#FF1493,Hot Pink
543,#FFB6C1,Pastel Pink
544,#00FFFF,Cyan
545,#FF00FF,Magenta
546,#32CD32,Lime Green
547,#E6E6FA,Lavender
548,#EE82EE,Violet
549,#98FF98,Mint
550,#FFD700,Gold
551,#C0C0C0,Silver
552,#B76E79,Rose Gold
553,#F3E5AB,Pearlescent White
554,#0F0F0F,Onyx Black
555,#FFFFFF,Clear Translucent
556,#E0218A,Barbie Pink
557,#FF1493,Hot Pink
558,#FFB6C1,Pastel Pink
559,#00FFFF,Cyan
560,#FF00FF,Magenta
561,#32CD32,Lime Green
562,#E6E6FA,Lavender
563,#EE82EE,Violet
564,#98FF98,Mint
565,#FFD700,Gold
566,#C0C0C0,Silver
567,#B76E79,Rose Gold
568,#F3E5AB,Pearlescent White
569,#0F0F0F,Onyx Black
570,#FFFFFF,Clear Translucent
571,#E0218A,Barbie Pink
572,#FF1493,Hot Pink
573,#FFB6C1,Pastel Pink
574,#00FFFF,Cyan
575,#FF00FF,Magenta
576,#32CD32,Lime Green
577,#E6E6FA,Lavender
578,#EE82EE,Violet
579,#98FF98,Mint
580,#FFD700,Gold
581,#C0C0C0,Silver
582,#B76E79,Rose Gold
583,#F3E5AB,Pearlescent White
584,#0F0F0F,Onyx Black
585,#FFFFFF,Clear Translucent
586,#E0218A,Barbie Pink
587,#FF1493,Hot Pink
588,#FFB6C1,Pastel Pink
589,#00FFFF,Cyan
590,#FF00FF,Magenta
591,#32CD32,Lime Green
592,#E6E6FA,Lavender
593,#EE82EE,Violet
594,#98FF98,Mint
595,#FFD700,Gold
596,#C0C0C0,Silver
597,#B76E79,Rose Gold
598,#F3E5AB,Pearlescent White
599,#0F0F0F,Onyx Black
600,#FFFFFF,Clear Translucent
601,#E0218A,Barbie Pink
602,#FF1493,Hot Pink
603,#FFB6C1,Pastel Pink
604,#00FFFF,Cyan
605,#FF00FF,Magenta
606,#32CD32,Lime Green
607,#E6E6FA,Lavender
608,#EE82EE,Violet
609,#98FF98,Mint
610,#FFD700,Gold
611,#C0C0C0,Silver
612,#B76E79,Rose Gold
613,#F3E5AB,Pearlescent White
614,#0F0F0F,Onyx Black
615,#FFFFFF,Clear Translucent
616,#E0218A,Barbie Pink
617,#FF1493,Hot Pink
618,#FFB6C1,Pastel Pink
619,#00FFFF,Cyan
620,#FF00FF,Magenta
621,#32CD32,Lime Green
622,#E6E6FA,Lavender
623,#EE82EE,Violet
624,#98FF98,Mint
625,#FFD700,Gold
626,#C0C0C0,Silver
627,#B76E79,Rose Gold
628,#F3E5AB,Pearlescent White
629,#0F0F0F,Onyx Black
630,#FFFFFF,Clear Translucent
631,#E0218A,Barbie Pink
632,#FF1493,Hot Pink
633,#FFB6C1,Pastel Pink
634,#00FFFF,Cyan
635,#FF00FF,Magenta
636,#32CD32,Lime Green
637,#E6E6FA,Lavender
638,#EE82EE,Violet
639,#98FF98,Mint
640,#FFD700,Gold
641,#C0C0C0,Silver
642,#B76E79,Rose Gold
643,#F3E5AB,Pearlescent White
644,#0F0F0F,Onyx Black
645,#FFFFFF,Clear Translucent
646,#E0218A,Barbie Pink
647,#FF1493,Hot Pink
648,#FFB6C1,Pastel Pink
649,#00FFFF,Cyan
650,#FF00FF,Magenta
651,#32CD32,Lime Green
652,#E6E6FA,Lavender
653,#EE82EE,Violet
654,#98FF98,Mint
655,#FFD700,Gold
656,#C0C0C0,Silver
657,#B76E79,Rose Gold
658,#F3E5AB,Pearlescent White
659,#0F0F0F,Onyx Black
660,#FFFFFF,Clear Translucent
661,#E0218A,Barbie Pink
662,#FF1493,Hot Pink
663,#FFB6C1,Pastel Pink
664,#00FFFF,Cyan
665,#FF00FF,Magenta
666,#32CD32,Lime Green
667,#E6E6FA,Lavender
668,#EE82EE,Violet
669,#98FF98,Mint
670,#FFD700,Gold
671,#C0C0C0,Silver
672,#B76E79,Rose Gold
673,#F3E5AB,Pearlescent White
674,#0F0F0F,Onyx Black
675,#FFFFFF,Clear Translucent
676,#E0218A,Barbie Pink
677,#FF1493,Hot Pink
678,#FFB6C1,Pastel Pink
679,#00FFFF,Cyan
680,#FF00FF,Magenta
681,#32CD32,Lime Green
682,#E6E6FA,Lavender
683,#EE82EE,Violet
684,#98FF98,Mint
685,#FFD700,Gold
686,#C0C0C0,Silver
687,#B76E79,Rose Gold
688,#F3E5AB,Pearlescent White
689,#0F0F0F,Onyx Black
690,#FFFFFF,Clear Translucent
691,#E0218A,Barbie Pink
692,#FF1493,Hot Pink
693,#FFB6C1,Pastel Pink
694,#00FFFF,Cyan
695,#FF00FF,Magenta
696,#32CD32,Lime Green
697,#E6E6FA,Lavender
698,#EE82EE,Violet
699,#98FF98,Mint
700,#FFD700,Gold
701,#C0C0C0,Silver
702,#B76E79,Rose Gold
703,#F3E5AB,Pearlescent White
704,#0F0F0F,Onyx Black
705,#FFFFFF,Clear Translucent
706,#E0218A,Barbie Pink
707,#FF1493,Hot Pink
708,#FFB6C1,Pastel Pink
709,#00FFFF,Cyan
710,#FF00FF,Magenta
711,#32CD32,Lime Green
712,#E6E6FA,Lavender
713,#EE82EE,Violet
714,#98FF98,Mint
715,#FFD700,Gold
716,#C0C0C0,Silver
717,#B76E79,Rose Gold
718,#F3E5AB,Pearlescent White
719,#0F0F0F,Onyx Black
720,#FFFFFF,Clear Translucent
721,#E0218A,Barbie Pink
722,#FF1493,Hot Pink
723,#FFB6C1,Pastel Pink
724,#00FFFF,Cyan
725,#FF00FF,Magenta
726,#32CD32,Lime Green
727,#E6E6FA,Lavender
728,#EE82EE,Violet
729,#98FF98,Mint
730,#FFD700,Gold
731,#C0C0C0,Silver
732,#B76E79,Rose Gold
733,#F3E5AB,Pearlescent White
734,#0F0F0F,Onyx Black
735,#FFFFFF,Clear Translucent
736,#E0218A,Barbie Pink
737,#FF1493,Hot Pink
738,#FFB6C1,Pastel Pink
739,#00FFFF,Cyan
740,#FF00FF,Magenta
741,#32CD32,Lime Green
742,#E6E6FA,Lavender
743,#EE82EE,Violet
744,#98FF98,Mint
745,#FFD700,Gold
746,#C0C0C0,Silver
747,#B76E79,Rose Gold
748,#F3E5AB,Pearlescent White
749,#0F0F0F,Onyx Black
750,#FFFFFF,Clear Translucent
751,#E0218A,Barbie Pink
752,#FF1493,Hot Pink
753,#FFB6C1,Pastel Pink
754,#00FFFF,Cyan
755,#FF00FF,Magenta
756,#32CD32,Lime Green
757,#E6E6FA,Lavender
758,#EE82EE,Violet
759,#98FF98,Mint
760,#FFD700,Gold
761,#C0C0C0,Silver
762,#B76E79,Rose Gold
763,#F3E5AB,Pearlescent White
764,#0F0F0F,Onyx Black
765,#FFFFFF,Clear Translucent
766,#E0218A,Barbie Pink
767,#FF1493,Hot Pink
768,#FFB6C1,Pastel Pink
769,#00FFFF,Cyan
770,#FF00FF,Magenta
771,#32CD32,Lime Green
772,#E6E6FA,Lavender
773,#EE82EE,Violet
774,#98FF98,Mint
775,#FFD700,Gold
776,#C0C0C0,Silver
777,#B76E79,Rose Gold
778,#F3E5AB,Pearlescent White
779,#0F0F0F,Onyx Black
780,#FFFFFF,Clear Translucent
781,#E0218A,Barbie Pink
782,#FF1493,Hot Pink
783,#FFB6C1,Pastel Pink
784,#00FFFF,Cyan
785,#FF00FF,Magenta
786,#32CD32,Lime Green
787,#E6E6FA,Lavender
788,#EE82EE,Violet
789,#98FF98,Mint
790,#FFD700,Gold
791,#C0C0C0,Silver
792,#B76E79,Rose Gold
793,#F3E5AB,Pearlescent White
794,#0F0F0F,Onyx Black
795,#FFFFFF,Clear Translucent
796,#E0218A,Barbie Pink
797,#FF1493,Hot Pink
798,#FFB6C1,Pastel Pink
799,#00FFFF,Cyan
800,#FF00FF,Magenta
801,#32CD32,Lime Green
802,#E6E6FA,Lavender
803,#EE82EE,Violet
804,#98FF98,Mint
805,#FFD700,Gold
806,#C0C0C0,Silver
807,#B76E79,Rose Gold
808,#F3E5AB,Pearlescent White
809,#0F0F0F,Onyx Black
810,#FFFFFF,Clear Translucent
811,#E0218A,Barbie Pink
812,#FF1493,Hot Pink
813,#FFB6C1,Pastel Pink
814,#00FFFF,Cyan
815,#FF00FF,Magenta
816,#32CD32,Lime Green
817,#E6E6FA,Lavender
818,#EE82EE,Violet
819,#98FF98,Mint
820,#FFD700,Gold
821,#C0C0C0,Silver
822,#B76E79,Rose Gold
823,#F3E5AB,Pearlescent White
824,#0F0F0F,Onyx Black
825,#FFFFFF,Clear Translucent
826,#E0218A,Barbie Pink
827,#FF1493,Hot Pink
828,#FFB6C1,Pastel Pink
829,#00FFFF,Cyan
830,#FF00FF,Magenta
831,#32CD32,Lime Green
832,#E6E6FA,Lavender
833,#EE82EE,Violet
834,#98FF98,Mint
835,#FFD700,Gold
836,#C0C0C0,Silver
837,#B76E79,Rose Gold
838,#F3E5AB,Pearlescent White
839,#0F0F0F,Onyx Black
840,#FFFFFF,Clear Translucent
841,#E0218A,Barbie Pink
842,#FF1493,Hot Pink
843,#FFB6C1,Pastel Pink
844,#00FFFF,Cyan
845,#FF00FF,Magenta
846,#32CD32,Lime Green
847,#E6E6FA,Lavender
848,#EE82EE,Violet
849,#98FF98,Mint
850,#FFD700,Gold
851,#C0C0C0,Silver
852,#B76E79,Rose Gold
853,#F3E5AB,Pearlescent White
854,#0F0F0F,Onyx Black
855,#FFFFFF,Clear Translucent
856,#E0218A,Barbie Pink
857,#FF1493,Hot Pink
858,#FFB6C1,Pastel Pink
859,#00FFFF,Cyan
860,#FF00FF,Magenta
861,#32CD32,Lime Green
862,#E6E6FA,Lavender
863,#EE82EE,Violet
864,#98FF98,Mint
865,#FFD700,Gold
866,#C0C0C0,Silver
867,#B76E79,Rose Gold
868,#F3E5AB,Pearlescent White
869,#0F0F0F,Onyx Black
870,#FFFFFF,Clear Translucent
871,#E0218A,Barbie Pink
872,#FF1493,Hot Pink
873,#FFB6C1,Pastel Pink
874,#00FFFF,Cyan
875,#FF00FF,Magenta
876,#32CD32,Lime Green
877,#E6E6FA,Lavender
878,#EE82EE,Violet
879,#98FF98,Mint
880,#FFD700,Gold
881,#C0C0C0,Silver
882,#B76E79,Rose Gold
883,#F3E5AB,Pearlescent White
884,#0F0F0F,Onyx Black
885,#FFFFFF,Clear Translucent
886,#E0218A,Barbie Pink
887,#FF1493,Hot Pink
888,#FFB6C1,Pastel Pink
889,#00FFFF,Cyan
890,#FF00FF,Magenta
891,#32CD32,Lime Green
892,#E6E6FA,Lavender
893,#EE82EE,Violet
894,#98FF98,Mint
895,#FFD700,Gold
896,#C0C0C0,Silver
897,#B76E79,Rose Gold
898,#F3E5AB,Pearlescent White
899,#0F0F0F,Onyx Black
900,#FFFFFF,Clear Translucent
901,#E0218A,Barbie Pink
902,#FF1493,Hot Pink
903,#FFB6C1,Pastel Pink
904,#00FFFF,Cyan
905,#FF00FF,Magenta
906,#32CD32,Lime Green
907,#E6E6FA,Lavender
908,#EE82EE,Violet
909,#98FF98,Mint
910,#FFD700,Gold
911,#C0C0C0,Silver
912,#B76E79,Rose Gold
913,#F3E5AB,Pearlescent White
914,#0F0F0F,Onyx Black
915,#FFFFFF,Clear Translucent
916,#E0218A,Barbie Pink
917,#FF1493,Hot Pink
918,#FFB6C1,Pastel Pink
919,#00FFFF,Cyan
920,#FF00FF,Magenta
921,#32CD32,Lime Green
922,#E6E6FA,Lavender
923,#EE82EE,Violet
924,#98FF98,Mint
925,#FFD700,Gold
926,#C0C0C0,Silver
927,#B76E79,Rose Gold
928,#F3E5AB,Pearlescent White
929,#0F0F0F,Onyx Black
930,#FFFFFF,Clear Translucent
931,#E0218A,Barbie Pink
932,#FF1493,Hot Pink
933,#FFB6C1,Pastel Pink
934,#00FFFF,Cyan
935,#FF00FF,Magenta
936,#32CD32,Lime Green
937,#E6E6FA,Lavender
938,#EE82EE,Violet
939,#98FF98,Mint
940,#FFD700,Gold
941,#C0C0C0,Silver
942,#B76E79,Rose Gold
943,#F3E5AB,Pearlescent White
944,#0F0F0F,Onyx Black
945,#FFFFFF,Clear Translucent
946,#E0218A,Barbie Pink
947,#FF1493,Hot Pink
948,#FFB6C1,Pastel Pink
949,#00FFFF,Cyan
950,#FF00FF,Magenta
951,#32CD32,Lime Green
952,#E6E6FA,Lavender
953,#EE82EE,Violet
954,#98FF98,Mint
955,#FFD700,Gold
956,#C0C0C0,Silver
957,#B76E79,Rose Gold
958,#F3E5AB,Pearlescent White
959,#0F0F0F,Onyx Black
960,#FFFFFF,Clear Translucent
961,#E0218A,Barbie Pink
962,#FF1493,Hot Pink
963,#FFB6C1,Pastel Pink
964,#00FFFF,Cyan
965,#FF00FF,Magenta
966,#32CD32,Lime Green
967,#E6E6FA,Lavender
968,#EE82EE,Violet
969,#98FF98,Mint
970,#FFD700,Gold
971,#C0C0C0,Silver
972,#B76E79,Rose Gold
973,#F3E5AB,Pearlescent White
974,#0F0F0F,Onyx Black
975,#FFFFFF,Clear Translucent
976,#E0218A,Barbie Pink
977,#FF1493,Hot Pink
978,#FFB6C1,Pastel Pink
979,#00FFFF,Cyan
980,#FF00FF,Magenta
981,#32CD32,Lime Green
982,#E6E6FA,Lavender
983,#EE82EE,Violet
984,#98FF98,Mint
985,#FFD700,Gold
986,#C0C0C0,Silver
987,#B76E79,Rose Gold
988,#F3E5AB,Pearlescent White
989,#0F0F0F,Onyx Black
990,#FFFFFF,Clear Translucent
991,#E0218A,Barbie Pink
992,#FF1493,Hot Pink
993,#FFB6C1,Pastel Pink
994,#00FFFF,Cyan
995,#FF00FF,Magenta
996,#32CD32,Lime Green
997,#E6E6FA,Lavender
998,#EE82EE,Violet
999,#98FF98,Mint
1000,#FFD700,Gold
