idUsuario,nombreUsuario,correoElectronico,contraseña,estado,fechaRegistro,Rol_idRol,ClienteNatural_idClienteNatural,Empleado_idEmpleado
1,bsutherns0,nattack0@omniture.com,"yJ2"">@1m",ACTIVO,5/1/2017,3,,1
2,abunson1,mokuddyhy1@timesonline.co.uk,"xG1,2*""}oUNFwp",INACTIVO,9/30/2017,2,,2
3,cotham2,amenzies2@cdc.gov,aG6)?Iaw3YSf`oY,ACTIVO,1/20/2024,1,,3
4,atocknell3,scastagna3@spotify.com,aC1%/PiI|,INACTIVO,1/7/2023,2,,4
5,ccrofts4,tsparsholt4@creativecommons.org,mU6(<8ghGMJNkh9,INACTIVO,1/19/2022,2,,5
6,ljailler5,smeneyer5@rediff.com,pY8+mp|Hy+Zfu,ACTIVO,7/31/2022,3,,6
7,rlidell6,hshortan6@xinhuanet.com,xD5?bkW=r,ACTIVO,11/23/2023,3,,7
8,hjagiello7,cbilston7@dedecms.com,"cH2`N""t=TL3",ACTIVO,2/17/2022,3,,8
9,ojiri8,tizzard8@about.com,oI4{`CBL}v1HMF0,ACTIVO,11/22/2017,3,,9
10,gglenton9,slicari9@simplemachines.org,nA3@_aYcdC,INACTIVO,4/26/2019,2,,10
11,adosdilla,jkeyzmana@springer.com,gE6\xVl=wG#W,INACTIVO,8/23/2024,2,,11
12,rwestfalenb,klittlefieldb@google.com.br,kN0@z$+hdO,INACTIVO,6/30/2024,2,,12
13,dgoslingc,scoddingtonc@prnewswire.com,bA3$$yimLlnF,INACTIVO,11/17/2025,2,,13
14,dlarmord,atheuffd@scribd.com,aF4<zT0I,ACTIVO,2/24/2017,2,,14
15,fgodmare,hglynee@mysql.com,"xV4""'EZ'ez_.=&z",INACTIVO,1/24/2021,3,,15
16,edineenf,sdunphief@timesonline.co.uk,dB5<uYLmLy{,INACTIVO,11/8/2023,1,,16
17,hsperingg,iroscherg@irs.gov,iE0|P?&s,ACTIVO,3/2/2019,3,,17
18,sdobrovolnyh,bklimowiczh@ft.com,dX2}+4vq6u?04,ACTIVO,7/6/2025,1,,18
19,etrivetti,pdeddeni@nbcnews.com,tF2*LPYOk_w\d,INACTIVO,6/2/2018,3,,19
20,qduffieldj,emaffyj@github.com,mM8+l=&}(\/En#,INACTIVO,8/26/2016,3,,20
21,hbroschkek,weasenk@fema.gov,hQ6|\iRcH~fV,INACTIVO,7/23/2024,1,,21
22,leastcottl,acrossel@cargocollective.com,fM2`WWyGsm,INACTIVO,1/11/2017,3,,22
23,acloggm,vespinam@washington.edu,jR5@HO07MT>,INACTIVO,1/19/2023,2,,23
24,tabernethyn,cjubbn@upenn.edu,nS6_VTpU1'I).Tx,INACTIVO,7/3/2021,3,,24
25,nlittlepageo,eitschakovo@eventbrite.com,"kN1'{0DT,RcNG",ACTIVO,7/10/2016,3,,25
26,rimlenp,cpatientp@alibaba.com,pF3!'cOWca?~afN8,ACTIVO,5/25/2022,1,,26
27,rdantesiaq,mguiducciq@domainmarket.com,vT0`YMJKtjDJ,INACTIVO,11/17/2016,1,,27
28,gjoblinr,fasmanr@prweb.com,bO6&2V@W3eJ={,INACTIVO,12/20/2017,1,,28
29,lmazdons,mbaddileys@psu.edu,zH7'Uu6|3},INACTIVO,4/9/2024,2,,29
30,clinekert,adanilint@aol.com,cU0#/)KIA/#_ny,ACTIVO,1/15/2026,2,,30
31,echaudretu,mburletonu@msn.com,"yR9,cEYQb,",ACTIVO,5/21/2019,2,,31
32,mplacidev,lcubbonv@si.edu,xS7?FzJr\DkX,ACTIVO,4/16/2025,3,,32
33,hfolominw,kcroleyw@unc.edu,dP6?(eL}nGg<q!//,ACTIVO,9/10/2023,1,,33
34,fstigglesx,kgiffx@edublogs.org,"gC0.(aj!6{#""w",INACTIVO,8/5/2017,2,,34
35,pmiklemy,kduggony@mapy.cz,jU8/7H'O%=!7,ACTIVO,11/20/2021,1,,35
36,iblincoz,dgeraldiz@blogspot.com,uF9`TD8E|yAtLM,INACTIVO,4/18/2025,1,,36
37,iissacson10,ilane10@xing.com,"pQ8,AppIo)r)6",INACTIVO,9/22/2023,2,,37
38,wsemerad11,mcreed11@yandex.ru,nQ9|7H@bZ'?Bi(6,ACTIVO,1/30/2023,2,,38
39,amcgilleghole12,rsmitheram12@acquirethisname.com,"qD7~7@,>oVply",INACTIVO,12/20/2017,2,,39
40,cbreese13,cfrancescotti13@wp.com,pP2`'8|5wU!,INACTIVO,6/15/2021,2,,40
41,aantushev14,mportlock14@twitter.com,"nX4""=lB<3!TXAn>",ACTIVO,1/4/2023,3,,41
42,hleport15,ftootin15@meetup.com,"aG9""R,G_wBm523",ACTIVO,11/10/2018,3,,42
43,gcalley16,rdayes16@mail.ru,wD0%2em)NfGA&,ACTIVO,6/6/2017,1,,43
44,alyne17,dwilcocks17@auda.org.au,"cK3)pe}%~X0`*1Z,",ACTIVO,10/3/2016,3,,44
45,slatliff18,shebbard18@addtoany.com,dT5/C&5U\,INACTIVO,9/3/2021,3,,45
46,cfearby19,dcutbush19@ibm.com,cJ3+SNmtB8Vo}'<j,INACTIVO,2/28/2025,3,,46
47,vbetancourt1a,apaulillo1a@github.com,tA6=kyL'5L/n,INACTIVO,12/3/2022,1,,47
48,cflinders1b,wszantho1b@cornell.edu,aF3<D|/9`/,INACTIVO,9/19/2022,2,,48
49,vpennick1c,thandslip1c@cdbaby.com,"qI9#""P`$",ACTIVO,4/11/2021,3,,49
50,mknappett1d,sgirdler1d@domainmarket.com,"jW2|,6h5b",INACTIVO,11/13/2017,1,,50
51,nhowat1e,labbotson1e@bloomberg.com,aG2()dtl,INACTIVO,10/20/2024,1,,51
52,mcorssen1f,cfullerton1f@usatoday.com,sH1$qo}}%s(W,INACTIVO,4/12/2023,3,,52
53,aveness1g,acaldairou1g@apache.org,wY7=uG}i,INACTIVO,4/25/2026,3,,53
54,wnewe1h,khaylands1h@ameblo.jp,"iI2,Lp8Jv'e",ACTIVO,8/28/2022,2,,54
55,scoultas1i,dpeck1i@businesswire.com,cA1(mGudt,INACTIVO,8/25/2020,3,,55
56,vbrimelow1j,aharnett1j@hao123.com,aN3_ew$BQAZ4S.~,ACTIVO,4/30/2020,3,,56
57,fmabe1k,mtuftin1k@indiatimes.com,nC7`0?E=ABfh,ACTIVO,6/30/2022,3,,57
58,ntrussler1l,kboyington1l@omniture.com,qJ3#'i?Jz7`A>Wx',INACTIVO,7/3/2025,3,,58
59,predmire1m,bgemson1m@ihg.com,eC1}hCoUU,ACTIVO,8/30/2016,3,,59
60,rnoli1n,marlott1n@baidu.com,jA9_PQ5t?&z,INACTIVO,8/2/2017,3,,60
61,litzhayek1o,jzmitruk1o@eepurl.com,gP5'2>'O=@u(mcm,INACTIVO,9/7/2024,1,,61
62,dparnaby1p,lswaine1p@1688.com,"lM5$?MZZ,.",INACTIVO,4/23/2021,1,,62
63,jbertomier1q,gdebernardis1q@biglobe.ne.jp,nH9\=l990/R$,INACTIVO,12/21/2019,3,,63
64,bhabron1r,wlethebridge1r@opensource.org,lY4&j.bB,ACTIVO,7/21/2025,1,,64
65,cmoring1s,nspringtorpe1s@phoca.cz,"lI3(W,Rr",INACTIVO,1/10/2017,1,,65
66,rdeamer1t,abank1t@uiuc.edu,"vE9#""A9dlk'n9s",INACTIVO,2/19/2018,3,,66
67,tbon1u,kdreinan1u@mozilla.org,kI1>DG$`,ACTIVO,11/14/2022,1,,67
68,tsymson1v,bmalby1v@sogou.com,sR8+A*B!,ACTIVO,1/14/2025,1,,68
69,rboar1w,oglader1w@geocities.jp,fX6|%/B0LoxsYc,ACTIVO,4/28/2024,2,,69
70,ogotmann1x,cmanginot1x@vk.com,"kT7|nb,oh=",INACTIVO,1/2/2018,1,,70
71,serat1y,rwarters1y@amazon.co.uk,xV3?zZ)S,INACTIVO,2/1/2018,1,,71
72,kearie1z,vpietzke1z@psu.edu,oV9+8pGf&n$)k$,ACTIVO,4/27/2017,2,,72
73,scausier20,rbrampton20@cbsnews.com,mB8#R=\9,ACTIVO,7/5/2025,2,,73
74,cvassano21,hgreswell21@mashable.com,kT5/b`9P5,INACTIVO,4/18/2020,3,,74
75,smacgill22,cpepperell22@odnoklassniki.ru,wF9\?5CC1,INACTIVO,5/17/2018,3,,75
76,oviney23,bcaulcott23@theguardian.com,uD5|NM{g\_,INACTIVO,10/20/2019,3,,76
77,gserrier24,fstoker24@businessweek.com,"sD8)""e?8rC",INACTIVO,9/7/2018,3,,77
78,ggalliver25,bogborn25@last.fm,hB1#n8!Dv,INACTIVO,12/20/2017,2,,78
79,tfowell26,mstotherfield26@flavors.me,"mD9,urjD",INACTIVO,2/13/2021,1,,79
80,hfilippo27,gjephcote27@privacy.gov.au,iW2>TW%)?4+)CT,ACTIVO,11/23/2025,2,,80
81,dcuardall28,cellif28@constantcontact.com,gY0?ay%$d,ACTIVO,1/1/2025,3,,81
82,pbaldcock29,gshowers29@tumblr.com,zK8{p#qs,ACTIVO,8/1/2023,2,,82
83,nmarklow2a,cbeccles2a@nsw.gov.au,pS3|M{zOo,INACTIVO,6/16/2021,1,,83
84,jferriere2b,rbaddoe2b@wikipedia.org,mC1=Tk`aqq,INACTIVO,12/25/2025,2,,84
85,nhusher2c,dkitcher2c@netlog.com,"qA4<`Xw+3""",INACTIVO,4/5/2022,3,,85
86,melph2d,icansdall2d@msu.edu,dQ0$(Ky=R,ACTIVO,1/31/2022,3,,86
87,mlilloe2e,egrimshaw2e@google.fr,jY3*htC6U,ACTIVO,2/2/2022,1,,87
88,varchdeacon2f,oflorio2f@trellian.com,dH5&%y!Z3ETE,INACTIVO,7/11/2024,3,,88
89,ckasher2g,asycamore2g@usatoday.com,iZ4)inV<~xkp,ACTIVO,5/30/2026,3,,89
90,esporgeon2h,afrentz2h@opensource.org,xL4<ZR14,ACTIVO,8/30/2019,3,,90
91,mbuzza2i,gmclleese2i@dell.com,"sH7"">|%zFtX>KWQ",INACTIVO,6/7/2020,2,,91
92,ttolchar2j,mhowselee2j@example.com,uK3$H.T3',INACTIVO,7/23/2016,3,,92
93,ngolton2k,ktakos2k@arizona.edu,uY4\8'BJN5(U`!z.,ACTIVO,10/20/2024,2,,93
94,nslatten2l,cgoodhew2l@upenn.edu,"sQ7#{pa""U5$uNUwU",INACTIVO,12/14/2017,2,,94
95,icoit2m,tpundy2m@foxnews.com,eI3&LS{wUxL<,INACTIVO,6/26/2019,3,,95
96,scawson2n,gmarriage2n@alexa.com,eV1$5`Cl6eT<YBO,ACTIVO,11/2/2022,1,,96
97,vchalmers2o,gsalleir2o@google.com.au,vT1+H?+H5rWd$(rH,INACTIVO,11/19/2017,1,,97
98,ewollard2p,spalle2p@gnu.org,lZ3/(iPWmfJ`7R!,ACTIVO,11/15/2021,2,,98
99,jleber2q,dthornber2q@bbc.co.uk,qG9)l!k2E,INACTIVO,4/11/2017,1,,99
100,arippingall2r,aoffen2r@surveymonkey.com,eQ2/!FK%ZWO3%,ACTIVO,9/2/2022,3,,100
101,adaveren2s,sheyfield2s@google.com.hk,iF6@J%%//sM>US,ACTIVO,5/18/2022,3,,101
102,emercer2t,rfright2t@lulu.com,"hJ8""Q`~C/iDf",INACTIVO,4/24/2026,2,,102
103,lfairnington2u,kmccombe2u@nydailynews.com,"uF5&4Gtkk""d2QGu",ACTIVO,9/3/2020,3,,103
104,amarjanovic2v,jtrewartha2v@ed.gov,qO2.U*fd!JC@MQ5N,INACTIVO,9/14/2024,2,,104
105,tzemler2w,bmarquot2w@wufoo.com,bS1}b166,ACTIVO,4/12/2020,3,,105
106,ltuddenham2x,crumford2x@homestead.com,kY4}4Xi{hB,ACTIVO,10/15/2016,1,,106
107,rklimczak2y,aclemmitt2y@mapy.cz,xN3*QU>_9KJ,INACTIVO,11/19/2018,2,,107
108,cbaldery2z,gmatskevich2z@cyberchimps.com,"mT1__Cp,Ao<BPp|N",ACTIVO,12/27/2017,1,,108
109,awitherspoon30,dmundie30@mail.ru,tQ6|y}?{Kd2@,INACTIVO,2/6/2019,2,,109
110,hchang31,abloyes31@ezinearticles.com,kN2~qFRgo,INACTIVO,8/4/2018,1,,110
111,jbeattie32,clyddyard32@devhub.com,gH6.h*?_%Gd{G7,INACTIVO,3/8/2025,2,,111
112,tdelorenzo33,dmcgauhy33@tumblr.com,"tM2""<9Z8RuTe2",ACTIVO,3/28/2017,3,,112
113,sgiggie34,sjiruca34@ucoz.ru,wV2\4m{Qpu=vb,ACTIVO,8/5/2022,3,,113
114,kleroy35,nwalmsley35@wikia.com,"aL8=mz+N,w~h",INACTIVO,10/18/2016,1,,114
115,esteckings36,sdronsfield36@thetimes.co.uk,tG1}H=1h,INACTIVO,11/16/2021,2,,115
116,lspikins37,rhubatsch37@cocolog-nifty.com,"iL7%5*+!l""#",INACTIVO,9/19/2023,3,,116
117,vbranton38,kwestmarland38@storify.com,eN4\O3#Ce*X!t,ACTIVO,8/17/2016,1,,117
118,arigate39,hjosefsen39@about.me,"rE5~!R'o>.y""~C",ACTIVO,3/26/2017,2,,118
119,wsellan3a,pjeens3a@chron.com,bO8(>mxU>I},ACTIVO,8/9/2021,1,,119
120,swareing3b,ahallagan3b@dailymotion.com,lA1\a/XY6M,ACTIVO,4/1/2021,1,,120
121,agreatbanks3c,eparadyce3c@i2i.jp,vM0&\NS@o>,INACTIVO,3/31/2023,3,,121
122,kfahrenbacher3d,idarter3d@i2i.jp,aO9|HDG!7WjJ,INACTIVO,5/1/2020,2,,122
123,vdrever3e,ccrowson3e@geocities.com,yO1{#Oc%,ACTIVO,6/11/2021,1,,123
124,cdebernardi3f,bleglise3f@springer.com,pJ4=sstz4,INACTIVO,3/9/2022,1,,124
125,jhincks3g,aedward3g@auda.org.au,vA4>vT~Z|,ACTIVO,11/28/2016,1,,125
126,jcassin3h,cforlong3h@oaic.gov.au,tF2/9UB$R)z,INACTIVO,1/12/2020,1,,126
127,gpulver3i,phargie3i@tripadvisor.com,iQ1${4TsU=,ACTIVO,10/5/2022,1,,127
128,bdalston3j,kgoldstein3j@archive.org,"lG8/wGLYPg""g%",INACTIVO,4/27/2025,2,,128
129,kburger3k,wpember3k@dion.ne.jp,cP5&8x?I1v{blF,INACTIVO,1/17/2025,2,,129
130,jbonifazio3l,raiskovitch3l@bbb.org,uU7($R+vdYH'~WAC,ACTIVO,7/19/2020,2,,130
131,bizod3m,wbaddam3m@shutterfly.com,rY8=W3tU=Y)7,ACTIVO,5/21/2022,3,,131
132,svanyutin3n,mbromet3n@yellowbook.com,iO2$Jq0wfwQ/&d$,ACTIVO,11/4/2019,1,,132
133,pbrydell3o,htregiddo3o@pcworld.com,"aQ4"".ZMO`0'$5",INACTIVO,4/18/2020,2,,133
134,mpoate3p,mgudd3p@japanpost.jp,"lX4/&8\RM""n_m~",ACTIVO,1/11/2019,2,,134
135,eponten3q,fbeesey3q@house.gov,"mC8&F|,xbFp,k=P",ACTIVO,10/7/2020,1,,135
136,bschiersch3r,ssuatt3r@dagondesign.com,aF6#rShwF,ACTIVO,7/9/2023,1,,136
137,cdracey3s,avaugham3s@disqus.com,qR5(T&fXTOEV,ACTIVO,8/8/2020,1,,137
138,nmaggs3t,iridhole3t@vkontakte.ru,oB6}F+/VQl,ACTIVO,11/26/2019,1,,138
139,aathy3u,jrushbrooke3u@indiatimes.com,wO5#28hv,INACTIVO,8/20/2025,2,,139
140,bkisar3v,dcavilla3v@state.gov,eZ8(grZY,INACTIVO,6/28/2018,2,,140
141,ngowanson3w,eburgis3w@blogtalkradio.com,tU3@>29{9/|7s,ACTIVO,7/23/2025,3,,141
142,jtomkowicz3x,iivannikov3x@gizmodo.com,eZ0/at#&2,ACTIVO,12/23/2016,1,,142
143,eskewes3y,lbrezlaw3y@yellowbook.com,"oX1&,_QZ._L",INACTIVO,12/9/2016,2,,143
144,gthurlby3z,bmeneur3z@reuters.com,mH6+ERKnSn,INACTIVO,4/12/2026,2,,144
145,dkensington40,rchastelain40@gravatar.com,"wZ3/yj/@rpKl',#",INACTIVO,1/25/2019,2,,145
146,obiasi41,mdeal41@china.com.cn,nO0\@OM$,ACTIVO,2/19/2024,3,,146
147,llummus42,kbrimblecombe42@netscape.com,fC2*OgeV,ACTIVO,2/1/2025,3,,147
148,gleverich43,mdeavenell43@networksolutions.com,sU8(J8VYy,INACTIVO,6/22/2017,1,,148
149,hlenormand44,hchedgey44@wikia.com,vN0/FM*|,INACTIVO,12/5/2020,2,,149
150,jlaxson45,tladyman45@networkadvertising.org,iR1)C=(xSubn,ACTIVO,7/16/2017,2,,150
151,lkabos46,bofficer46@bbc.co.uk,qV4&cK=QAIU=,INACTIVO,4/22/2022,2,,151
152,noxtiby47,frose47@mapy.cz,iM1(.gY>k,INACTIVO,10/1/2023,1,,152
153,jcharrisson48,basling48@tuttocitta.it,zB1!)EceW,ACTIVO,5/11/2024,1,,153
154,twestmore49,mchecchi49@technorati.com,sK8`n?zV`E0+_,ACTIVO,11/20/2024,2,,154
155,lkittow4a,felkin4a@ovh.net,pK9&}e!tea,ACTIVO,12/27/2021,3,,155
156,kworley4b,kevers4b@usa.gov,zX4'q5O*,INACTIVO,10/22/2024,1,,156
157,ieastope4c,dmacvay4c@deviantart.com,"kD9,DdWeH",INACTIVO,1/8/2024,3,,157
158,aysson4d,ryeomans4d@mapy.cz,"eX4""*r<I",ACTIVO,10/2/2022,1,,158
159,mmatten4e,owhillock4e@gov.uk,xG6?.cQfs&|t,ACTIVO,11/15/2022,2,,159
160,lhacaud4f,mmourge4f@hao123.com,oM2!*<8aZHN%tI+G,ACTIVO,3/15/2019,2,,160
161,ielsbury4g,sstrutley4g@instagram.com,tB0!8m+|2gL,INACTIVO,9/11/2017,2,,161
162,lsrutton4h,cspight4h@cloudflare.com,mB0<)ok=X>J},ACTIVO,1/2/2024,2,,162
163,hfaughny4i,dtuiller4i@google.com,"bC7`h@P|""",ACTIVO,12/13/2021,2,,163
164,erantoull4j,dconibeer4j@mayoclinic.com,dC1(MM}*K,INACTIVO,5/22/2025,1,,164
165,jmcclay4k,awankling4k@a8.net,"aM7""(%og|=}q",ACTIVO,11/11/2023,1,,165
166,dthatcher4l,aoneill4l@mayoclinic.com,"cT0!""}gnBNABl",ACTIVO,5/21/2023,1,,166
167,imowett4m,hgomes4m@si.edu,aA7!!Oh>{M'Qyv1r,INACTIVO,5/11/2026,1,,167
168,jcalbaithe4n,elorent4n@ning.com,oJ3{A$_*B,ACTIVO,10/15/2021,2,,168
169,trasch4o,trouge4o@tiny.cc,kP3@heSbK93UC_,INACTIVO,4/10/2022,1,,169
170,bqueste4p,dsaurin4p@weather.com,nI5)jvC1?vA,INACTIVO,2/20/2021,3,,170
171,sdietz4q,bmaccrea4q@discovery.com,"dQ2!d|ldb_qpB,",ACTIVO,12/15/2017,1,,171
172,bpeebles4r,kaspel4r@eventbrite.com,"yK6!`_>Q\C""",INACTIVO,4/23/2020,1,,172
173,ckochs4s,bcrease4s@1und1.de,zQ0(tjiuzB\#c,ACTIVO,9/22/2017,2,,173
174,dpitcock4t,sruggen4t@quantcast.com,kW3%T7</v~.+_Y,ACTIVO,10/23/2024,3,,174
175,qbyart4u,bkaygill4u@soup.io,"oB6"".7_VaK#yL",INACTIVO,10/5/2017,3,,175
176,ekuhnwald4v,hgiercke4v@acquirethisname.com,kT3't|%'HfAxf9,ACTIVO,11/20/2018,3,,176
177,gelsie4w,jtyrwhitt4w@army.mil,"hQ5&""Y3#",INACTIVO,9/5/2022,2,,177
178,cwareing4x,fwatterson4x@blogs.com,yU2$cK89>lqa,INACTIVO,7/19/2024,1,,178
179,nzapata4y,cgothard4y@flavors.me,"mJ0""xZ>gf8EQmn",INACTIVO,10/29/2025,2,,179
180,stowse4z,cpratley4z@diigo.com,yM9&?'R%/,ACTIVO,10/23/2021,2,,180
181,cnicholls50,jseeney50@nbcnews.com,kI9&we~Je7M4,ACTIVO,12/10/2022,3,,181
182,amoretto51,blawdham51@oakley.com,sM2(ns)+V/|SG6b,INACTIVO,8/13/2020,2,,182
183,bralfe52,bglaisner52@thetimes.co.uk,"tR4/N`!""~p_g*",ACTIVO,9/28/2017,2,,183
184,cpowney53,kmacswayde53@addtoany.com,mT0@ln_LE,ACTIVO,10/7/2018,3,,184
185,dcockrell54,kchasier54@imageshack.us,eE6%Fd$#Jz(,INACTIVO,6/13/2021,1,,185
186,breaditt55,fhevner55@thetimes.co.uk,wC8?6M~.4Z,INACTIVO,12/23/2016,3,,186
187,tsims56,jhardison56@thetimes.co.uk,fU6(_GURy)w<,INACTIVO,5/9/2018,3,,187
188,nnazer57,jwaitland57@cmu.edu,dU7.j/XkK,INACTIVO,10/30/2021,2,,188
189,dbrady58,bslessar58@geocities.jp,bT1&(X+/8m,INACTIVO,2/24/2026,2,,189
190,eleathart59,ecatenot59@acquirethisname.com,"dE7|vx`#/ln\q,R",INACTIVO,9/12/2024,3,,190
191,hparrett5a,atripony5a@psu.edu,"vF6'lD""d7p!\",ACTIVO,11/6/2019,1,,191
192,mdawbury5b,acosterd5b@shutterfly.com,eQ1%7g#gx,INACTIVO,12/31/2020,3,,192
193,ssantore5c,mbearman5c@newsvine.com,cC7>}5Ru,INACTIVO,5/17/2020,3,,193
194,scatherine5d,rthaller5d@over-blog.com,"aT3`dE\BEE}""yD8~",ACTIVO,8/2/2017,1,,194
195,rnormanvill5e,pgentric5e@indiegogo.com,"kW3$KtJ\xs1,E~",ACTIVO,10/23/2025,3,,195
196,tbengle5f,abowerbank5f@dagondesign.com,aO8!1HIrz5t}2e,INACTIVO,12/20/2023,3,,196
197,flunnon5g,tarter5g@arstechnica.com,vC1'q05lYUc{,ACTIVO,10/26/2021,3,,197
198,challowes5h,barger5h@cbc.ca,pP0~>kIu0~,INACTIVO,7/2/2016,2,,198
199,rdemetr5i,jdupey5i@mashable.com,vS7!`<UK,INACTIVO,1/1/2026,1,,199
200,wtarbert5j,mpetrak5j@engadget.com,iX9>X*k\Kep,ACTIVO,8/29/2017,1,,200
201,nfoxhall5k,gblazhevich5k@163.com,"xM1'1fl,s%`z",INACTIVO,8/7/2024,1,,201
202,ereary5l,mmergue5l@craigslist.org,dQ1<?nl&@QFb9x,INACTIVO,7/19/2017,3,,202
203,ekeddy5m,hprice5m@vinaora.com,"eX8`iq5o,W53%7",ACTIVO,9/3/2017,2,,203
204,mkitchenham5n,vmustchin5n@reference.com,hP9&/CnvuPkq93,INACTIVO,12/24/2024,3,,204
205,cmosedill5o,ebillanie5o@ning.com,mI4~)#Q9Msl(%Q2+,ACTIVO,8/15/2022,1,,205
206,mcoker5p,bkyberd5p@tiny.cc,vZ6..8IpG,ACTIVO,11/16/2022,2,,206
207,mgheeorghie5q,wwickenden5q@sourceforge.net,"dM4$/+$B&o2,M>Wi",INACTIVO,6/19/2022,1,,207
208,rchipperfield5r,leisenberg5r@ustream.tv,yT5/G1/RF,ACTIVO,8/16/2017,3,,208
209,ekhan5s,dwaldera5s@discuz.net,"eD5""uRSY>,8ZL,""4",INACTIVO,1/31/2025,3,,209
210,caronstam5t,zjoscelin5t@reference.com,"eB1""m1CIf",INACTIVO,4/27/2025,1,,210
211,jsearjeant5u,pdayment5u@usda.gov,dS0|H9&bskg#xYX{,ACTIVO,9/8/2016,1,,211
212,atrude5v,ztapton5v@netscape.com,mA2/R_apeCQ\m3,INACTIVO,7/22/2018,1,,212
213,nmcanalley5w,vcolgan5w@buzzfeed.com,gG7_T=ezay9m2@,ACTIVO,8/3/2024,1,,213
214,foldaker5x,awoodes5x@desdev.cn,lL0+ZTyB9X%,INACTIVO,9/22/2020,1,,214
215,dborge5y,emallinar5y@disqus.com,sL9_O&ceHp,INACTIVO,8/5/2017,3,,215
216,cvolet5z,jcumberledge5z@xinhuanet.com,hB7{Yu=olwK@V,INACTIVO,12/12/2016,2,,216
217,bshitliffe60,oskaifedingerthorpe60@miitbeian.gov.cn,qL5&qCn'llXV,ACTIVO,1/26/2021,3,,217
218,kwrotchford61,hwhitemarsh61@mysql.com,jV4#eYEiPvy?E,ACTIVO,9/10/2019,3,,218
219,abumford62,ktott62@furl.net,pC7+KpGArr,ACTIVO,10/22/2022,3,,219
220,jstollard63,gantrum63@irs.gov,eZ9$aaU_~6\6)Uq/,INACTIVO,6/12/2021,3,,220
221,adjekic64,bmeachem64@topsy.com,hA8*8XHj3zq,ACTIVO,5/30/2018,2,,221
222,dgrimestone65,swills65@delicious.com,lV8<#yAbSB'+6>..,INACTIVO,9/22/2019,3,,222
223,cpietruszka66,ainseal66@etsy.com,"hW0?m/_!<jD""gJ$",ACTIVO,4/6/2020,3,,223
224,choyt67,kboustred67@latimes.com,lM3#\4_{/0/jN,ACTIVO,9/21/2017,3,,224
225,zivancevic68,ftiler68@blog.com,"dE3""W<6E",ACTIVO,8/21/2024,3,,225
226,jdutch69,ascarlet69@networkadvertising.org,"sF6>c,2*",INACTIVO,1/7/2020,3,,226
227,hbrailey6a,kthurske6a@yellowbook.com,tG3?kQB~4,INACTIVO,7/13/2016,1,,227
228,skleen6b,cyeudall6b@sciencedaily.com,"sS8""&>p>==AGT&,_",ACTIVO,2/4/2025,1,,228
229,ubertomieu6c,wupton6c@networkadvertising.org,cI3_oA{m6x<Ro,INACTIVO,7/17/2024,2,,229
230,dkoenen6d,ksherrington6d@nps.gov,kF2?zVxWw,ACTIVO,11/12/2019,3,,230
231,egascoyne6e,bmascall6e@narod.ru,"mR8?}.Who2hNM,p{",ACTIVO,12/14/2022,2,,231
232,ccubberley6f,vbaterip6f@ca.gov,fG1_1Sa2,ACTIVO,1/18/2017,1,,232
233,cpawlicki6g,dlyver6g@hao123.com,nB5{ce+1%,ACTIVO,2/26/2018,2,,233
234,mlaying6h,abimrose6h@surveymonkey.com,bD3$4CJgA_c!KxL,ACTIVO,6/22/2017,2,,234
235,serett6i,rkoene6i@rambler.ru,pC7+PZI6<Q0Z,ACTIVO,5/9/2020,1,,235
236,meadmeads6j,pgyles6j@creativecommons.org,"cC7,hB\71GB{d",ACTIVO,3/2/2017,2,,236
237,wfreeberne6k,aheephy6k@rambler.ru,fY2'K(45L,ACTIVO,11/11/2024,1,,237
238,fcolrein6l,egoodwyn6l@engadget.com,wW8!`pa.5Nc<gF,ACTIVO,7/13/2018,2,,238
239,cvallender6m,hrideout6m@ameblo.jp,tB3*Uef>`.n,ACTIVO,7/13/2024,2,,239
240,jgai6n,hfahrenbacher6n@ask.com,vY0\4+c_,INACTIVO,1/4/2022,3,,240
241,lwestoff6o,jcornelius6o@nps.gov,kS0\nZkF!!Py,INACTIVO,12/14/2023,3,,241
242,nnash6p,dwiley6p@columbia.edu,wV5!Vq1Mhk`!Qq}~,ACTIVO,3/31/2018,3,,242
243,prosenthaler6q,rswinney6q@sciencedaily.com,eZ2?HJmy`,ACTIVO,8/14/2020,3,,243
244,rchidwick6r,nmelross6r@bigcartel.com,oR4.8Fb*JjPD,ACTIVO,12/30/2025,1,,244
245,mbullers6s,jbucktharp6s@odnoklassniki.ru,mB4)cUs!=)v=10,ACTIVO,9/12/2018,3,,245
246,nmaccartan6t,cpickthall6t@facebook.com,fH9$@1tU(,INACTIVO,2/6/2024,3,,246
247,fvandenvelde6u,cpughsley6u@furl.net,pV3<'EK3aw$,INACTIVO,10/29/2018,2,,247
248,dpaute6v,mbeden6v@shop-pro.jp,lE5=c.RH#Qy7.7+,INACTIVO,7/15/2022,1,,248
249,jcondell6w,bjouanny6w@ebay.com,xJ2_Wm`/qe,INACTIVO,1/19/2023,1,,249
250,vchidler6x,tnayer6x@hhs.gov,dH5_=Ev}$A|dwq,INACTIVO,10/7/2016,2,,250
251,gbetchley6y,aolyhane6y@ftc.gov,nS4>V84P)q`rWp,INACTIVO,11/17/2021,3,,251
252,fnewvill6z,mkilvington6z@usda.gov,wN9%X9w<R,ACTIVO,5/21/2020,2,,252
253,eegger70,dknowling70@globo.com,"fQ2~""|}CC~rIe",ACTIVO,5/28/2024,2,,253
254,rleeman71,agruczka71@wunderground.com,jD1/T(/{.&c6SlG&,ACTIVO,2/14/2017,1,,254
255,smulran72,iraven72@jigsy.com,"lE6'l,)f/",ACTIVO,10/4/2022,2,,255
256,awalrond73,ieatock73@ask.com,bJ3_#7OJc,ACTIVO,1/23/2023,2,,256
257,mnorewood74,msauvain74@blogger.com,"zU9=O{.,",ACTIVO,11/7/2020,3,,257
258,crowthorne75,amassei75@comsenz.com,tX4'haomc5T}f25h,INACTIVO,12/30/2024,2,,258
259,elutz76,reustanch76@naver.com,gO4}N?uR,ACTIVO,11/12/2017,3,,259
260,iswanwick77,clamont77@baidu.com,nV8~$CnSECn##KM,INACTIVO,5/5/2021,1,,260
261,ogerg78,kstanworth78@123-reg.co.uk,nU5|qOQ/vu,ACTIVO,11/24/2021,1,,261
262,jsurmon79,rcartmale79@wordpress.com,vY7`1*qhE%,INACTIVO,11/12/2023,1,,262
263,ptutsell7a,sbruneau7a@redcross.org,"iF2{!zVxg'M,",INACTIVO,7/14/2022,1,,263
264,eoakhill7b,acopestake7b@who.int,rZ7\ka0*?>3$A,ACTIVO,11/2/2016,3,,264
265,hskirrow7c,fbarlthrop7c@opera.com,qF1!&`qo#=9h!,INACTIVO,2/11/2022,1,,265
266,rsummerlee7d,lmethuen7d@amazon.com,bG2)k8j~6,ACTIVO,4/3/2026,1,,266
267,hpionter7e,asayce7e@360.cn,sA7%bO#PY,INACTIVO,10/30/2024,1,,267
268,smandre7f,ahebditch7f@godaddy.com,nG6+.N=OqY,INACTIVO,9/18/2024,3,,268
269,rsymcock7g,zmacharg7g@bloomberg.com,bL0|UWe~ts,ACTIVO,8/18/2017,1,,269
270,slowton7h,cdrees7h@alexa.com,yB2+IWZz?n.`6A,ACTIVO,7/25/2023,3,,270
271,jbasant7i,gfree7i@twitpic.com,zF0~>v6B,INACTIVO,7/25/2025,3,,271
272,lmcquin7j,bvigurs7j@liveinternet.ru,uB5<+F!Y=fg8o@,INACTIVO,8/28/2016,3,,272
273,wpettitt7k,rmcnaughton7k@macromedia.com,pG1~|wNDZqL$=)Nk,ACTIVO,4/30/2017,3,,273
274,dspeakman7l,lmelson7l@delicious.com,pL2?('<b?St,ACTIVO,11/12/2016,1,,274
275,nmulvany7m,idurtnall7m@lycos.com,qU6+_v$U=4\bgD#t,ACTIVO,6/11/2026,3,,275
276,ttrodler7n,nspincke7n@blogger.com,mO0)Y/K+9>wJHiw,ACTIVO,2/20/2017,3,,276
277,syushkov7o,cpumphrey7o@irs.gov,fJ5@&\7Rec,ACTIVO,12/2/2024,1,,277
278,hmcpartlin7p,egadd7p@archive.org,bQ8'q{JjpU,INACTIVO,10/5/2018,1,,278
279,prowson7q,aquantrell7q@google.com,"eA5`,TAM)Rk",INACTIVO,1/8/2023,3,,279
280,bpalfreman7r,aeddisford7r@spotify.com,bS0~/3cv+LV,INACTIVO,7/7/2017,2,,280
281,slewcock7s,nkolushev7s@nhs.uk,qE3<PM7w?e}$~<,ACTIVO,11/13/2020,3,,281
282,mstitcher7t,praff7t@npr.org,xG1\F5_tmX&7d,ACTIVO,7/27/2021,2,,282
283,ajandak7u,motto7u@tumblr.com,kF7_!vyHJ,ACTIVO,7/23/2020,2,,283
284,tsomner7v,ebrittlebank7v@delicious.com,rI8<eu}Z,ACTIVO,8/3/2024,1,,284
285,abarlass7w,lhartly7w@icq.com,xL8=tTWBhZ,INACTIVO,4/11/2017,2,,285
286,lhiddy7x,dlonglands7x@aboutads.info,"fD2.EtPq,Mly",ACTIVO,10/15/2022,1,,286
287,sassad7y,gseeborne7y@ca.gov,nH9#h*T`9Z,ACTIVO,7/30/2016,2,,287
288,dorafferty7z,rharle7z@abc.net.au,aA7?*fi#L,INACTIVO,4/21/2019,3,,288
289,acrinkley80,nlethlay80@phpbb.com,oN1_xF$0!BKe=h,INACTIVO,7/5/2023,3,,289
290,dheintsch81,jlethbury81@youku.com,iO6{1MtHU5pv,ACTIVO,1/8/2020,2,,290
291,knolan82,kblyth82@dropbox.com,"kB8>QB,q",ACTIVO,4/24/2017,1,,291
292,tpincked83,mlabrom83@angelfire.com,yD7$G8}0wa~j&?,ACTIVO,9/18/2021,1,,292
293,agodon84,ktullis84@ft.com,"wI2>>6,xDY~",INACTIVO,8/9/2025,1,,293
294,bvreiberg85,lcatlow85@sciencedirect.com,"wX4{o,hwjFybT",ACTIVO,12/29/2018,2,,294
295,mrigts86,eseddon86@businesswire.com,fH2'yoF6bB,INACTIVO,6/9/2026,1,,295
296,rizkovitz87,ssone87@de.vu,vT1{})s)m!,ACTIVO,1/7/2020,3,,296
297,shummerston88,lkincade88@dropbox.com,nN4=*Ut=K,ACTIVO,1/20/2023,3,,297
298,bmangion89,vofallowne89@posterous.com,wV5<{ixK}H,ACTIVO,10/13/2022,1,,298
299,lredihalgh8a,lzahor8a@bluehost.com,"vG1{$6T'&s""",ACTIVO,2/13/2017,1,,299
300,rcooke8b,tburberry8b@toplist.cz,"oV2,)5N*MK",INACTIVO,6/10/2024,1,,300
301,bmungan8c,mcomrie8c@un.org,oK8$X'A$kZs_|r~G,INACTIVO,1/26/2021,3,,301
302,strunby8d,jallderidge8d@unesco.org,zQ6_Y<_$>JG$,INACTIVO,11/14/2019,2,,302
303,gclear8e,mceschini8e@storify.com,hP4$6RCM{{KG7!,ACTIVO,12/19/2016,2,,303
304,kwaddicor8f,sochterlony8f@eepurl.com,"hE4?""$?eYX'<{",ACTIVO,9/11/2020,1,,304
305,uchase8g,nsturzaker8g@narod.ru,qW8*@I>CsKN==(',INACTIVO,7/26/2016,1,,305
306,abeaconsall8h,amcgurk8h@yale.edu,qR3<eeC)E~z,ACTIVO,3/23/2022,1,,306
307,chaberjam8i,gtyrie8i@printfriendly.com,nT7+_KG*VP/_=,INACTIVO,10/4/2017,2,,307
308,apepall8j,tlanchester8j@unc.edu,kU1_V#*o#H3j}6),INACTIVO,9/3/2025,3,,308
309,konge8k,cfarran8k@omniture.com,hE5\q%{B8,ACTIVO,11/19/2025,1,,309
310,italbot8l,sdavio8l@mapy.cz,vF1*t+WK6cn!,INACTIVO,6/18/2025,1,,310
311,vcoy8m,snaper8m@hexun.com,gD9\j6.T,ACTIVO,7/2/2024,3,,311
312,lcobley8n,bferrarotti8n@bloglines.com,oL7.%p0<iIC,ACTIVO,11/4/2025,1,,312
313,rguillon8o,rsawyer8o@globo.com,zM2{1pDh`M@@T,ACTIVO,11/27/2022,1,,313
314,choworth8p,roughtright8p@livejournal.com,jX4'@V78kX,ACTIVO,4/17/2023,2,,314
315,rcloake8q,mcollman8q@soup.io,"kQ9{uV{IAK,",INACTIVO,2/12/2017,2,,315
316,sfetteplace8r,jyellop8r@reverbnation.com,"mI4@Gg|~cyOXIW""z",INACTIVO,12/17/2022,3,,316
317,dplaydon8s,cvuittet8s@netlog.com,gS5%73dL,ACTIVO,6/6/2022,1,,317
318,jsarney8t,cpetworth8t@virginia.edu,zE8{w\&M,ACTIVO,12/23/2023,3,,318
319,dspellacy8u,pmacelroy8u@nyu.edu,"jN9~""mzHz",INACTIVO,1/31/2025,2,,319
320,hchesney8v,cinfantino8v@quantcast.com,aR6.+jSruu0_,INACTIVO,10/4/2016,2,,320
321,gcribbott8w,bdrewclifton8w@fotki.com,nZ4!N}(Zs+$,INACTIVO,11/8/2022,1,,321
322,cboswood8x,cagass8x@live.com,nA3!6'YpA3Q,ACTIVO,2/13/2024,2,,322
323,jmellers8y,mplewman8y@cam.ac.uk,gV0*LgO3,INACTIVO,11/23/2021,2,,323
324,msiggins8z,agalbraeth8z@pcworld.com,mY1|R39n,INACTIVO,6/29/2018,3,,324
325,kwillgress90,cturney90@addtoany.com,sZ9<(Xwq,ACTIVO,8/6/2024,2,,325
326,rcarlaw91,ohailston91@answers.com,tO0&)K>PLUt?<b,ACTIVO,6/19/2023,2,,326
327,abrownsmith92,ccraze92@t-online.de,uQ9+JV#6AQN,INACTIVO,12/13/2023,1,,327
328,wsecker93,mdelacey93@accuweather.com,pM6>X8*CA.R,ACTIVO,9/30/2020,1,,328
329,dtomblett94,bgrayshon94@jalbum.net,"rR2&Ep)ow,|Mq6<",INACTIVO,4/13/2022,2,,329
330,dindge95,sbogart95@sciencedaily.com,wS4_O|x~,ACTIVO,6/18/2019,1,,330
331,kbeynon96,hilson96@usda.gov,fV1'0CD!>,INACTIVO,4/27/2024,1,,331
332,kpedden97,hcoakley97@t.co,tN6~nZ>7v09,INACTIVO,9/9/2019,2,,332
333,gcharge98,srudram98@fotki.com,"aS4#)~(8p""",ACTIVO,4/5/2025,3,,333
334,dmcdougal99,ncrosswaite99@addthis.com,eL6>q}(%7,INACTIVO,7/26/2024,1,,334
335,nbezley9a,gcess9a@rakuten.co.jp,sL7?/y{4T2>e,INACTIVO,5/14/2026,1,,335
336,mdemougeot9b,somolan9b@tinypic.com,gP4)k4lGehcfJ,INACTIVO,1/20/2018,3,,336
337,rpettit9c,mmichie9c@dot.gov,lK4`zM+v,ACTIVO,5/4/2020,3,,337
338,jbellsham9d,wdanzelman9d@abc.net.au,"kB5{Aq""q94{1R",ACTIVO,10/9/2023,2,,338
339,bblincow9e,morehead9e@hubpages.com,bG1_wz}'{q6*$,INACTIVO,10/22/2020,1,,339
340,nbayley9f,kstobbs9f@nifty.com,"wE9$,Q,y%(hxL",INACTIVO,3/10/2020,1,,340
341,cmagnay9g,bmeo9g@thetimes.co.uk,eN7/g#DaF,INACTIVO,5/23/2025,1,,341
342,mkienzle9h,hrymer9h@hugedomains.com,dW0_.k9R>`Sh>A(,INACTIVO,9/30/2023,1,,342
343,gairdrie9i,dsowle9i@icio.us,dE2!*D<_,ACTIVO,5/11/2017,3,,343
344,cmoverley9j,krodnight9j@surveymonkey.com,sD8>DF0a6g$>J,INACTIVO,5/2/2025,2,,344
345,bmaneylaws9k,dpatershall9k@etsy.com,pA2)BMiY(QvbBUe,ACTIVO,7/15/2019,3,,345
346,rmcguinley9l,fmorston9l@google.co.jp,tQ7'O(BUj81LS,ACTIVO,6/30/2025,2,,346
347,pbodell9m,selsby9m@rediff.com,"zF0,RiCpSF",INACTIVO,3/23/2020,1,,347
348,hlias9n,bcull9n@about.me,dF2)TIP#x_7rphRa,ACTIVO,11/27/2021,3,,348
349,rsabattier9o,glubeck9o@ucoz.ru,rH0/5QO#y%O,ACTIVO,2/20/2025,1,,349
350,aceeley9p,soluney9p@printfriendly.com,dW8}'{S94,INACTIVO,9/7/2023,2,,350
351,fcammack9q,cseignior9q@nsw.gov.au,kC8%vfIj$,INACTIVO,12/12/2023,3,,351
352,rwatchorn9r,dleathley9r@ehow.com,oJ9@oX3Jt,ACTIVO,5/10/2018,3,,352
353,ocasebourne9s,ghickeringill9s@spotify.com,lL8'<DpAmR,INACTIVO,8/22/2017,3,,353
354,akunat9t,zwinkle9t@miitbeian.gov.cn,"gI0,_GtoYT6zk{",ACTIVO,1/9/2020,3,,354
355,rhousbie9u,wcastagnasso9u@blinklist.com,"xI3=b'R6!QQ,#FQa",INACTIVO,7/1/2017,1,,355
356,rgarces9v,jcuttelar9v@storify.com,qI9?NrWFY,ACTIVO,9/27/2016,1,,356
357,lprevost9w,agrissett9w@nsw.gov.au,hN6*HE@|~,INACTIVO,6/22/2020,2,,357
358,bclack9x,kembury9x@prnewswire.com,"wZ7'npn,v68w>",ACTIVO,6/5/2023,1,,358
359,hmckeag9y,ltwyning9y@amazon.de,zS8)+e{4?$/f,INACTIVO,9/29/2024,1,,359
360,jsudran9z,cpoolman9z@prweb.com,rN8~fY6kHO,INACTIVO,3/13/2025,1,,360
361,cdrynana0,cgiovannia0@microsoft.com,"iW4)853T>1,f'D",ACTIVO,6/11/2022,2,,361
362,gwixona1,gbeveragea1@umn.edu,lD7#Onk2Fz$V|+,INACTIVO,2/20/2018,1,,362
363,thingeleya2,kmillershipa2@facebook.com,kE6%(g%N1Xvg5d,INACTIVO,7/30/2025,1,,363
364,atunesia3,pdrieua3@army.mil,jY0$dQ7eYs3qC8,INACTIVO,11/21/2019,2,,364
365,lkeetcha4,lsiddelea4@alibaba.com,dZ0&Ex*2,INACTIVO,12/28/2018,1,,365
366,lbroadfielda5,tbulpitta5@wp.com,xL2%cnImb=EH(_o,INACTIVO,7/26/2018,1,,366
367,rringea6,bdoxseya6@google.co.jp,"xJ7,3?@x=Fde",ACTIVO,11/3/2016,1,,367
368,awiburna7,avernaa7@google.com.au,zY4|?+#T,INACTIVO,2/11/2026,2,,368
369,ctrengrovea8,nkyteleya8@berkeley.edu,"dA4.7bfFhgZ,Rke",INACTIVO,1/21/2019,1,,369
370,kjillsa9,cchristoua9@sciencedaily.com,uK8<x`$em~=t{#p,ACTIVO,10/18/2020,2,,370
371,jdawidaa,dmikalskiaa@youtube.com,qC9{a28qj,ACTIVO,11/29/2025,2,,371
372,arekesab,kbarnwilleab@utexas.edu,zC3{*?&%(,ACTIVO,2/24/2018,1,,372
373,mstreeterac,dgaskarthac@twitpic.com,"eS0%V8LWL<lF4""",ACTIVO,2/13/2019,1,,373
374,rduffyad,tchasmarad@shutterfly.com,"zC8.eo`q""`3p",ACTIVO,11/29/2019,1,,374
375,afulkae,cpellamonutenae@aol.com,fZ2&_Bjulz,INACTIVO,1/29/2017,1,,375
376,lwinfindaleaf,hgowdieaf@europa.eu,mP3&7Q5&J,INACTIVO,12/6/2016,3,,376
377,bgodfrayag,sblinermanag@barnesandnoble.com,cV3&s8VT#C+,ACTIVO,12/27/2022,1,,377
378,wchimesah,vtoxellah@yellowpages.com,gO2_{T|k/pTxjJ,ACTIVO,5/14/2020,3,,378
379,adudnyai,edurmanai@facebook.com,jX0)qA{DaZ7H,INACTIVO,11/27/2019,2,,379
380,fstroveraj,plewingtonaj@github.io,qM8$K*2.,ACTIVO,10/27/2019,1,,380
381,janscombeak,emcvieak@bravesites.com,bJ2?lGh5VT8O'DM,INACTIVO,1/1/2020,3,,381
382,mpaulackal,asowmanal@ed.gov,"pR8,\&jI",ACTIVO,9/3/2022,2,,382
383,hhartinam,mweemsam@cbslocal.com,yM6)|(xdt=g9PSx',INACTIVO,11/23/2023,2,,383
384,rvauxan,wmiliffean@ask.com,gQ1?>ZGfP,INACTIVO,10/8/2025,2,,384
385,pluxtonao,vkiggelao@ocn.ne.jp,tS1.+b3Cf,ACTIVO,6/4/2019,3,,385
386,jdewdenyap,dbarwisap@typepad.com,uC3`)edR&t{Iz7,ACTIVO,9/3/2016,1,,386
387,cgorthyaq,napthorpeaq@google.ru,"qV8&YW""3xBo<m",INACTIVO,8/22/2016,1,,387
388,kpaulazziar,mquantar@umn.edu,tC9(mQ>1'T$,INACTIVO,4/29/2020,1,,388
389,tsweetenas,drustanas@arizona.edu,lB6))1lLTK,ACTIVO,6/10/2017,1,,389
390,idigregorioat,cwurzat@artisteer.com,kR1|QJuk,INACTIVO,5/13/2018,2,,390
391,adunguyau,vcarnilianau@nymag.com,jO3!ra$!CKEOk,ACTIVO,1/2/2020,1,,391
392,jshoulerav,hpeaceyav@google.com.hk,oJ9%e\Sk3OIt,ACTIVO,9/20/2021,2,,392
393,afahyaw,bbayfordaw@usnews.com,jU2?6zT@BgRD\,INACTIVO,11/8/2024,2,,393
394,afeaversax,vgaliaax@histats.com,bF2#S!8g4wp,INACTIVO,12/13/2025,3,,394
395,anewittay,jdohmannay@free.fr,pF5~ns.D5m,ACTIVO,9/17/2022,2,,395
396,bdemeridaaz,nelieaz@chicagotribune.com,wT8`*PMMCs`oc,INACTIVO,5/28/2022,2,,396
397,wmoylanb0,crowledgeb0@gmpg.org,fY3)!lQoG|fA,INACTIVO,9/11/2025,3,,397
398,aduftyb1,dpilfoldb1@thetimes.co.uk,dB5'SNCM,ACTIVO,4/3/2022,2,,398
399,iredgroveb2,tsmailsb2@cam.ac.uk,sD0.D_5tFAPg<V,INACTIVO,4/20/2023,3,,399
400,ahakesb3,ngrigolonb3@nifty.com,lI9`5p9!y7N@?,INACTIVO,9/23/2016,3,,400
401,htierneyb4,kschubuserb4@godaddy.com,"zQ9""U3@Jn#W",ACTIVO,11/3/2017,1,,401
402,cbeggib5,pwernhamb5@comcast.net,"qU6$""JdYd@g3",ACTIVO,12/22/2019,1,,402
403,cphillerb6,apendallb6@bluehost.com,bA5*V#\WuMO5_U,ACTIVO,4/22/2020,1,,403
404,ltrevaskissb7,bkinnearb7@trellian.com,gJ0#QePqP3Wc.,INACTIVO,3/2/2024,3,,404
405,cjemisonb8,rattrydeb8@sina.com.cn,bJ1*YaSE8,INACTIVO,3/20/2022,3,,405
406,hgrundleb9,mduchatelb9@unblog.fr,oV0}aLDVb,INACTIVO,12/3/2019,1,,406
407,dnewensba,ptoghillba@gmpg.org,iI6~_Wi.q,INACTIVO,12/19/2016,3,,407
408,tbielfeldtbb,rfalkinghambb@hugedomains.com,pD4){UOw|M8U,INACTIVO,5/1/2019,3,,408
409,dstrongmanbc,chalybc@youku.com,mU9)|=bdqPc{pE,INACTIVO,9/29/2018,2,,409
410,cchilcottebd,ranthonybd@barnesandnoble.com,hF0{>{+}+*PCA,ACTIVO,6/23/2016,2,,410
411,mpapachristophoroube,jmatousbe@home.pl,uA8~8'\s&4W%maZ,INACTIVO,10/17/2016,1,,411
412,heickhoffbf,bbagwellbf@ucoz.ru,uK1|1ICw)K%7CS,INACTIVO,12/31/2016,2,,412
413,gchamberlainbg,rflintbg@wikimedia.org,kY7*zN7q,INACTIVO,11/12/2016,1,,413
414,xcollerbh,pgledebh@live.com,uY8!vI*otdQekj,INACTIVO,7/19/2017,1,,414
415,ssaverybi,mtomasinobi@miibeian.gov.cn,"oK7>w'z,",INACTIVO,4/27/2019,3,,415
416,bantognazzibj,sdennerlybj@noaa.gov,aE2$yLW'(7U,ACTIVO,7/28/2018,2,,416
417,jrabatbk,srubesbk@businessinsider.com,qJ4{JgC}c14D,INACTIVO,10/26/2023,3,,417
418,mtenwickbl,mwratesbl@census.gov,"uT4""2""R\Rynt0=E",INACTIVO,5/14/2024,2,,418
419,ghardingbm,wmarvelbm@cafepress.com,"kC8?Y4k.,kX~!L%",ACTIVO,1/17/2022,3,,419
420,qdallicoatbn,dgodlontonbn@alibaba.com,sY2'TW/O\KX#I,ACTIVO,12/18/2020,1,,420
421,jvanhesterenbo,fgabitsbo@over-blog.com,sH5*yWU2Q\ng1,INACTIVO,6/19/2021,2,,421
422,clababp,nsoitouxbp@ucsd.edu,"yN6`P""r*O",ACTIVO,1/26/2018,2,,422
423,bmckerronbq,mperonbq@yellowpages.com,"xQ2#EC*>|g6ke?,",ACTIVO,7/13/2025,1,,423
424,logersbr,wbrobynbr@dropbox.com,tN8!i@/1l$NjJ,ACTIVO,11/20/2016,1,,424
425,sspurmanbs,nmoukesbs@ovh.net,iJ7=>)0e{V0FdH,ACTIVO,8/14/2022,2,,425
426,dinghambt,plondonbt@e-recht24.de,"tR1!aAUJe""\9Y4b""",ACTIVO,4/13/2021,3,,426
427,lcollingworthbu,kaaronsohnbu@vistaprint.com,nB1{U{skhrLRfTA_,INACTIVO,8/19/2020,1,,427
428,bgregorebv,vsweatlandbv@bluehost.com,rA8%DDBgHyTZG,INACTIVO,2/21/2017,3,,428
429,ajaxonbw,ecuncarrbw@de.vu,"bB5""=3Ti",ACTIVO,3/13/2026,2,,429
430,abracerbx,rtaltonbx@bloglines.com,iT8&XTj!Ej8CA(<g,ACTIVO,11/12/2021,2,,430
431,fboultonby,ahuricheby@senate.gov,qQ2!$8a1s,ACTIVO,10/17/2023,2,,431
432,lgrundwaterbz,apipebz@howstuffworks.com,kM9?b0ZUV9IQ4cc,INACTIVO,7/12/2018,3,,432
433,scurryerc0,abooseyc0@blogtalkradio.com,lY7*j'uEL(IFhG=l,ACTIVO,1/10/2024,2,,433
434,bkoresc1,eelacoatec1@aboutads.info,mO5=lP_rtsQ~,INACTIVO,12/2/2020,2,,434
435,lcouchec2,claunderc2@chicagotribune.com,"nV6""}M?O",INACTIVO,11/14/2017,2,,435
436,mmatejovskyc3,akeesec3@cbsnews.com,"tD6&|r4+O|K""w",ACTIVO,9/27/2022,1,,436
437,dbrownsellc4,dswainc4@fc2.com,uM2)kN8D4umnFE>>,ACTIVO,11/10/2018,1,,437
438,jdumphyc5,rgallearc5@google.com,yY3<NpLOBltXe,INACTIVO,7/2/2018,2,,438
439,jrubenfeldc6,bhudghtonc6@liveinternet.ru,"xX2""*s(}g6#",ACTIVO,1/26/2021,3,,439
440,cblindtc7,kcoleiroc7@youtube.com,zD4*J)3hLOsd,INACTIVO,11/28/2022,3,,440
441,rchampec8,lizattc8@shop-pro.jp,qS8*}k4@>S(|,INACTIVO,7/3/2021,2,,441
442,amarchmentc9,lduminic9@hp.com,gK1@e{>lwIR,INACTIVO,7/11/2024,1,,442
443,cdienesca,lgooderickca@networkadvertising.org,nH6|6IErb,INACTIVO,5/7/2023,1,,443
444,sgallehawkcb,kstanbracb@google.fr,hU0$_n=h#2L$,ACTIVO,7/16/2022,2,,444
445,balderwickcc,blimpennycc@google.pl,"rO4$Ka+~&w""p'R",ACTIVO,11/16/2025,1,,445
446,rewbankscd,nwickmanncd@artisteer.com,zH3?0euymp,ACTIVO,5/14/2017,1,,446
447,bgeneverce,acritchlowce@disqus.com,"rZ2/G@""n*\{(",ACTIVO,4/24/2022,1,,447
448,skinsellacf,ehawkettcf@slate.com,tO8!t&8'FfKFv9,ACTIVO,1/1/2021,3,,448
449,bcroneycg,hbaldungcg@jimdo.com,aB4.'vP|Z4*,ACTIVO,7/29/2020,2,,449
450,acamachoch,gbadcockch@wix.com,cY1.KlRy/FSV,INACTIVO,7/2/2023,2,,450
451,ckinchleaci,mheissci@oaic.gov.au,dM0_iYLtt,INACTIVO,5/26/2018,1,,451
452,lbrewerscj,mthornhamcj@nih.gov,"kL3$%+3,2",ACTIVO,5/26/2020,3,,452
453,sdrewetck,bbourdonck@nps.gov,oT4!|<4JCVo,INACTIVO,10/10/2018,3,,453
454,rgerhardtcl,lhawkswoodcl@cmu.edu,tR5?8KSu~fKZ(,ACTIVO,10/23/2023,3,,454
455,kfosscm,rdalgardnocm@slideshare.net,pD9\RN{Ml,INACTIVO,8/26/2024,1,,455
456,blorrimancn,ccoldbathecn@vinaora.com,iV6+J{}%iz,ACTIVO,10/8/2017,2,,456
457,uwintco,dnovakco@bandcamp.com,zD1!bJtLbWcETz,ACTIVO,2/3/2019,2,,457
458,bkeeltaghcp,lallaincp@seesaa.net,sT5}7c4etf,INACTIVO,12/16/2018,3,,458
459,flevicountcq,tethingtoncq@google.it,mU8%>cm{>Mk,ACTIVO,2/6/2018,2,,459
460,cdakhnocr,fboatcr@feedburner.com,iJ2\SRF0,ACTIVO,8/19/2018,2,,460
461,bpottberrycs,luriencs@xinhuanet.com,vU9<N~tu(_m,ACTIVO,9/20/2019,1,,461
462,rorricect,ealpct@etsy.com,"zE7'2""vstL/}?LE",INACTIVO,5/1/2019,3,,462
463,dfouracrecu,ncodcu@wikimedia.org,"uU2/Q{kS""ypIFx",ACTIVO,8/23/2016,3,,463
464,lgrombridgecv,ncharlwoodcv@cdbaby.com,yF4/|fB/k|#C_1~,INACTIVO,9/30/2020,2,,464
465,mstebbingscw,mgirardicw@symantec.com,uX1!vd%zIE,INACTIVO,6/7/2026,2,,465
466,dmcgraecx,ckinradecx@soup.io,"fU7,w9d{NiEthL%",ACTIVO,3/1/2025,3,,466
467,sshoweringcy,emundaycy@ezinearticles.com,oM6|7}2+F,INACTIVO,2/8/2023,1,,467
468,socurrinecz,dgilescz@hhs.gov,"pK5`<JuUD{kE+m,a",INACTIVO,11/1/2024,2,,468
469,bkuhld0,lbroxtond0@shinystat.com,bE6`)sUG1kN=#O,INACTIVO,11/9/2022,1,,469
470,pkalderond1,bsiccombed1@topsy.com,"oX0~KgD,",INACTIVO,6/28/2018,3,,470
471,ataksd2,doliffed2@slashdot.org,wR0.bDE2`e{,INACTIVO,7/10/2020,3,,471
472,pdoddsd3,sgoodludd3@homestead.com,eG4&$&@D8\+0Z,INACTIVO,7/7/2021,1,,472
473,xbumfordd4,fshilitond4@tmall.com,"wK3$gMOu""",ACTIVO,8/1/2019,1,,473
474,jdurhamd5,bmullallyd5@omniture.com,rC1`Ip7G#9>,INACTIVO,8/7/2019,1,,474
475,fhaslockd6,ribbettd6@example.com,oO1@_B%%FgurV_v,INACTIVO,6/17/2022,2,,475
476,kfirsbyd7,sduigenand7@devhub.com,"aC9,X,u%h(J|m",INACTIVO,6/26/2017,2,,476
477,swintersd8,kivancevicd8@biglobe.ne.jp,nF8`5&1@zpm>,INACTIVO,5/11/2021,2,,477
478,mhalliboned9,cstrained9@shareasale.com,"tP3+N@l,$",INACTIVO,8/15/2017,2,,478
479,gpatiseda,ddisburyda@unblog.fr,uS8!b|5I,ACTIVO,6/16/2020,3,,479
480,gsumptiondb,malthamdb@smh.com.au,eN4&Z?k$,INACTIVO,3/19/2020,3,,480
481,ptourotdc,mmanjotdc@sciencedirect.com,"eQ8,$86*x}3otT",INACTIVO,10/14/2018,2,,481
482,aperullidd,bbenoitondd@ucoz.com,"wO6>H,V&ic<",ACTIVO,4/1/2024,1,,482
483,tdomenyde,mpragnellde@twitter.com,iC5'Hp0#o5,ACTIVO,5/18/2025,3,,483
484,wfeatherstonehaughdf,dsalergdf@ovh.net,vG4?pi<W{V_QatG,INACTIVO,2/8/2017,1,,484
485,csannesdg,ebeningfielddg@nature.com,"cF8_ms_=x,EFT'",INACTIVO,5/13/2024,2,,485
486,martzdh,irosenqvistdh@hao123.com,aE0$hqtNLzApyr,INACTIVO,2/17/2022,1,,486
487,tgreschdi,zcuffindi@cnn.com,tP8}zo/Q2sf1GZL,INACTIVO,5/4/2017,3,,487
488,spendledj,eserckdj@disqus.com,qU7)'i&.GqOECm/E,ACTIVO,5/28/2017,2,,488
489,tmiskendk,lolivaridk@domainmarket.com,iY3\8~y99ZSbw,ACTIVO,6/16/2020,2,,489
490,slowtendl,cwarrenderdl@studiopress.com,jH5@/e</nWW!vy,ACTIVO,8/22/2022,2,,490
491,jgilleasedm,sbrollydm@army.mil,fI9'5kBSjtrV,ACTIVO,6/1/2018,2,,491
492,pferrieredn,rhunnabledn@google.de,bO3!#}p~w.DZR,ACTIVO,9/11/2023,3,,492
493,athriftdo,cchristindo@mysql.com,"rR7#I8||MY,P",ACTIVO,6/24/2022,1,,493
494,erisbydp,lhughesdp@cisco.com,oH5?fhP'&>|reB,INACTIVO,1/12/2019,2,,494
495,ssawyerdq,frucklidgedq@cargocollective.com,fS2*?7PRfv6cA,INACTIVO,3/22/2020,3,,495
496,rsalisburydr,amullineuxdr@bloglovin.com,dW0's+W=Ncz\b,INACTIVO,8/5/2018,3,,496
497,rairetonds,brummingsds@is.gd,xA1|Vt9BE,INACTIVO,5/4/2022,2,,497
498,mvergodt,cgrubbdt@pen.io,zZ0'8F.*')>.a,ACTIVO,11/26/2017,2,,498
499,ldybledu,lbrockmandu@ebay.com,pT0<dA0j\i,ACTIVO,1/8/2020,1,,499
500,floderdv,mlewingtondv@ezinearticles.com,cP7.f!$>'AzmRtjw,INACTIVO,7/21/2022,1,,500
501,laddisdw,asharvelldw@yelp.com,"eN5\2iE0_slhG,?",ACTIVO,1/16/2018,2,,501
502,mcockledx,gherleydx@last.fm,"jH7,g76&mu+",INACTIVO,6/21/2020,2,,502
503,cgurnerdy,fmacalorendy@archive.org,wR1\8R%94'sv,INACTIVO,2/7/2018,1,,503
504,csapsforddz,jgiovannellidz@nifty.com,tV1_%7uM+dS,ACTIVO,6/15/2025,3,,504
505,aalgare0,qstallworthe0@arstechnica.com,jA6>6J+y,INACTIVO,5/6/2021,2,,505
506,rdavidsene1,tcastanhoe1@paginegialle.it,hP1%)McLJxa,ACTIVO,3/20/2023,3,,506
507,ochaffee2,dlockere2@homestead.com,xA7>y=)qOg5o9(k,INACTIVO,3/1/2022,1,,507
508,icoltherde3,ntrotmane3@microsoft.com,oO9|U4>ne(q,ACTIVO,6/27/2023,3,,508
509,mlepparde4,estairse4@fc2.com,uX6|ek{MgZa*,ACTIVO,1/18/2018,1,,509
510,emccullume5,tklesse5@goo.gl,fS9)?{6AlTjDQ&,ACTIVO,4/8/2019,2,,510
511,ascimonie6,asparkse6@delicious.com,eN0{$<|z)>@~5AZ,INACTIVO,11/22/2025,3,,511
512,acallcotte7,mgommese7@alexa.com,rA6<~/gJH(MaZ,ACTIVO,8/3/2020,3,,512
513,djosselsohne8,nmctrusteye8@devhub.com,mV3+bD#`/i5,INACTIVO,5/30/2017,3,,513
514,jdadsone9,lkellete9@friendfeed.com,"bN1,$lBdQ|Fu*pH.",ACTIVO,7/15/2025,2,,514
515,bmountstephenea,csteningea@sohu.com,aH6<R0C0S,ACTIVO,2/19/2024,3,,515
516,dhammerstoneeb,rlittoneb@nationalgeographic.com,uT4+%k#ms6?U~U,INACTIVO,9/12/2021,3,,516
517,lpuveec,showchinec@trellian.com,zW7)F@E.X)gJV,ACTIVO,9/8/2021,2,,517
518,bvalianted,dcooksoned@unc.edu,"gX0_q7C""2",INACTIVO,9/7/2025,2,,518
519,jhelietee,cbertieee@is.gd,bR2=3a'2+_+S/(>,INACTIVO,10/12/2020,2,,519
520,juccelief,jpeiroef@salon.com,jD2?cDGG_GI@w\,INACTIVO,7/14/2016,2,,520
521,mmartusoveg,aopfereg@alibaba.com,oV3\&p_{7L,INACTIVO,8/15/2019,3,,521
522,bblankenshipeh,lakenheadeh@mlb.com,cQ0$4enFim_rYJuJ,ACTIVO,10/30/2024,3,,522
523,bmarcei,lgabbitasei@walmart.com,dJ8)%8RIlC+V{5QG,ACTIVO,10/10/2024,2,,523
524,qferresej,awerlockej@ezinearticles.com,iO4{4nDHce=#,ACTIVO,8/19/2024,3,,524
525,drobichonek,lmcneiceek@instagram.com,"rF3),Dlc#",INACTIVO,6/12/2018,3,,525
526,lwallbuttonel,aarringtonel@bizjournals.com,jB8(y!_r}MY,ACTIVO,6/2/2021,3,,526
527,rblaydonem,jkernanem@lulu.com,"iK2,<j6>sTX>&R",INACTIVO,9/9/2016,2,,527
528,pemslieen,bdunbabinen@nifty.com,"pA7""no#r""oMH<S",INACTIVO,9/29/2025,2,,528
529,larmingereo,winskoeo@ox.ac.uk,cG0{57u'hp$p#.NW,ACTIVO,8/29/2019,3,,529
530,lbarhimsep,beatonep@twitter.com,sG6~Lcar\~K>uk,INACTIVO,4/5/2020,1,,530
531,pbaseeq,smerwoodeq@loc.gov,cP3(knfzCcj{&,ACTIVO,5/25/2022,3,,531
532,ddewetter,gwillgooseer@flickr.com,kV8/*T4tbpknk,ACTIVO,9/21/2018,3,,532
533,ccornickes,afairburnees@tumblr.com,"zC4`&_o""0%(4",INACTIVO,7/7/2025,3,,533
534,vfishbourneet,jivashinet@surveymonkey.com,hG9@?R9x5j@kl|,INACTIVO,1/1/2017,3,,534
535,lkickeu,ehylandseu@wufoo.com,iQ2*le'igm,INACTIVO,12/1/2025,3,,535
536,mcrumev,mbroydev@bizjournals.com,"aD9`/,$xLje",ACTIVO,4/2/2022,1,,536
537,keulerew,ababinew@ebay.com,oS3~n{PY,ACTIVO,1/31/2019,3,,537
538,ebonnavantex,brobinetex@businessweek.com,tA7%/8Kg,INACTIVO,3/16/2020,3,,538
539,pitzcakey,rrishbrookey@pcworld.com,"uC5_|N""%gV>p&{E{",INACTIVO,5/31/2021,1,,539
540,amcillroyez,lwrennez@loc.gov,fY1\STknQYvC,ACTIVO,12/31/2017,1,,540
541,okeytef0,mberryclothf0@senate.gov,iH2+<b*uqT{h2o,INACTIVO,1/15/2023,2,,541
542,bsainerf1,dcostarf1@sbwire.com,wV3.6kj81<WDQfJ,ACTIVO,1/24/2018,1,,542
543,kparsonagef2,skerranef2@histats.com,"lH1,@wP5""%6JRp",ACTIVO,1/23/2026,1,,543
544,dtilsonf3,wanniesf3@cafepress.com,iN4&R<B++5E,INACTIVO,6/18/2016,3,,544
545,amarwickf4,klanghornf4@naver.com,aW5)t2yv,INACTIVO,4/1/2017,2,,545
546,efranckf5,tbaggotf5@eepurl.com,jF9(hGJGaNi1<aXb,INACTIVO,10/10/2022,3,,546
547,bdennesf6,dmcilvorayf6@usatoday.com,bT7.Z<IK&,ACTIVO,12/3/2022,3,,547
548,cbilstonf7,kbeaconsallf7@aol.com,nR8=.D+a6/7EA=_,ACTIVO,12/19/2016,1,,548
549,cbollonf8,icasselsf8@unesco.org,"qV7~\|T""X",INACTIVO,6/30/2018,3,,549
550,gbromef9,jlebossef9@delicious.com,iO9_f?gblC_G!m,INACTIVO,4/14/2021,2,,550
551,ovlasyevfa,grawlingsfa@meetup.com,pF7@Bwq9vDP`iT,INACTIVO,4/6/2025,2,,551
552,jfellmanfb,pimpettfb@fastcompany.com,uR3!JeZdV&#0,ACTIVO,1/8/2017,3,,552
553,celandfc,ubuckellfc@dot.gov,xX1{y=((},ACTIVO,1/3/2022,2,,553
554,ladamfd,bmcfetrichfd@bbb.org,zX7$@ZeBufu~v,ACTIVO,12/12/2016,1,,554
555,wprielfe,scasacciafe@vistaprint.com,mB8)\W!o'!6wN6,INACTIVO,3/6/2024,2,,555
556,kmercyff,aleadff@sfgate.com,"cE1/cz@,esA!c",ACTIVO,1/2/2019,2,,556
557,jgecksfg,wbrothwellfg@wikia.com,"rT5}R""8}",INACTIVO,6/15/2018,3,,557
558,dmoulandfh,dcastlefh@abc.net.au,"gH8|g#3_+H/e,bX",INACTIVO,2/18/2024,2,,558
559,rburchfieldfi,sbrankleyfi@gmpg.org,xO0!~9qns$,INACTIVO,3/29/2019,2,,559
560,ibarensenfj,mallmanfj@si.edu,iG2+RiF<HD3+G{KX,INACTIVO,4/4/2020,3,,560
561,ajoaofk,tlindenfk@google.es,rQ9\DFgrq1?}Z+0,INACTIVO,1/27/2023,1,,561
562,bdodmanfl,skleinhandlerfl@foxnews.com,sP3\84KFGUu#KX,ACTIVO,6/17/2021,2,,562
563,wcowndenfm,itwinefm@timesonline.co.uk,eM5/NR2H,ACTIVO,11/27/2023,2,,563
564,bbenediktovichfn,dnelsenfn@baidu.com,lH4)P3FU$,ACTIVO,10/24/2016,3,,564
565,cgamellfo,fstaceyfo@yellowpages.com,gX1/OU2`XG.OF*jt,INACTIVO,1/12/2024,3,,565
566,phymanfp,wedwinfp@lycos.com,rS1|bD<ItU%xMt,ACTIVO,6/24/2016,3,,566
567,gtremblotfq,kwinsomefq@sbwire.com,cE4>D{XwZdl,INACTIVO,5/24/2025,2,,567
568,vmariaultfr,fklossekfr@loc.gov,jF3~$`NS3,INACTIVO,11/9/2018,1,,568
569,ldunkfs,ccarekfs@ask.com,"uB6%(x,w&",INACTIVO,6/21/2024,2,,569
570,ewolfindaleft,ematteottift@dion.ne.jp,xC7@*Sic,ACTIVO,2/12/2017,2,,570
571,gcrunkhurnfu,cconsidinefu@pinterest.com,kY6|/!GB\Y,ACTIVO,1/15/2022,3,,571
572,oakredfv,jaishfordfv@vk.com,bV3`X269,INACTIVO,7/25/2023,2,,572
573,eguittetfw,aogriffinfw@yolasite.com,fB2{P%Q@t!J}*>nw,ACTIVO,9/24/2016,1,,573
574,jmulqueenyfx,hryleyfx@irs.gov,lS1$\TZQfyX,INACTIVO,7/17/2024,1,,574
575,mpelzfy,iisaaksohnfy@nationalgeographic.com,"kM6|TN)x,h{lV.",ACTIVO,4/21/2023,2,,575
576,fjeppfz,vgronofz@photobucket.com,"uD5.U""0\J@",INACTIVO,3/24/2023,3,,576
577,vuttong0,usjollemag0@cornell.edu,mP9?#v.>,INACTIVO,4/9/2018,1,,577
578,nhillg1,bbowellg1@hhs.gov,hL8|9aH}$$e?,ACTIVO,1/18/2026,3,,578
579,mragotg2,rhutcheonsg2@blogger.com,oQ4?FVM14!9'&XP*,ACTIVO,3/11/2026,3,,579
580,aberthelg3,dnoarg3@statcounter.com,sJ2@?SU8jTkZ#2M`,INACTIVO,12/22/2017,1,,580
581,lodgerg4,sdakhovg4@uol.com.br,lY1/}O!TxdtA.X,ACTIVO,6/8/2024,1,,581
582,dcavellg5,tboteg5@google.cn,uT4<$R2O,INACTIVO,8/15/2016,2,,582
583,rsamudiog6,gplacstoneg6@nyu.edu,"gV5>p""BO9""d",ACTIVO,3/24/2020,3,,583
584,bstilesg7,boliveg7@bloglines.com,zR1~jxPxq48D>,ACTIVO,6/14/2024,3,,584
585,kstandleyg8,jabbessg8@discuz.net,nL3~CF<Ly+UpXmhZ,ACTIVO,2/19/2021,1,,585
586,dtwelftreeg9,hrowselg9@hostgator.com,eT8.AemkJ,ACTIVO,3/21/2018,3,,586
587,fcabblega,esemanga@drupal.org,"nE4""},z4M/~j+5",ACTIVO,6/20/2020,3,,587
588,swinspargb,sewdalegb@marriott.com,rS9.F?vJ}!h=f&3,ACTIVO,9/19/2020,1,,588
589,ttrevorgc,cwotherspoongc@cyberchimps.com,"nS6""}$wm_n",INACTIVO,4/27/2017,3,,589
590,powthwaitegd,acarncrossgd@unblog.fr,iX4{(2AcCR~D,ACTIVO,5/6/2023,3,,590
591,jkorousge,lolyuninge@ox.ac.uk,hI6(y>nu5QKBEF_,ACTIVO,2/17/2018,1,,591
592,dliddellgf,celstubgf@multiply.com,wF9@AcPzP&$0\i4o,INACTIVO,1/24/2023,1,,592
593,yeyamgg,tmanilowgg@furl.net,uP2}J0Bb,ACTIVO,8/25/2017,3,,593
594,edrydengh,sstennersgh@si.edu,"lM7,KYQOfz|o@$",INACTIVO,9/24/2020,3,,594
595,swidocksgi,shedangi@comsenz.com,lW2\LfGpt&l},ACTIVO,3/6/2019,2,,595
596,skingdongj,pwatkinsongj@techcrunch.com,uT4{)BgnaZW`w,INACTIVO,8/21/2020,1,,596
597,streadgergk,ebothiegk@so-net.ne.jp,zY4?(Vnb*$/z!YE`,INACTIVO,3/12/2021,2,,597
598,lbeamesgl,sannellgl@google.es,uW2>\OPV,INACTIVO,3/24/2021,2,,598
599,ccheethamgm,dpoplegm@cbsnews.com,bK6{uSTjZi!,INACTIVO,11/3/2016,3,,599
600,htriggelgn,rpaikegn@oakley.com,mP1*Zkz=o,INACTIVO,8/1/2019,1,,600
601,tskermango,echantlergo@canalblog.com,kW7%RA4T,INACTIVO,1/23/2017,3,,601
602,ohinrichsengp,fakrigggp@phpbb.com,dI2)8iT8|yt#S|R,ACTIVO,11/23/2018,1,,602
603,asummerliegq,lfidgegq@reuters.com,hG7#f@lSUC7<N,ACTIVO,8/5/2025,1,,603
604,ncomazzogr,ocorbridgegr@netscape.com,xB9*`_U'<~d`1nn',ACTIVO,12/23/2020,2,,604
605,bgennerichgs,dbevengs@psu.edu,nC3\*z8gE3QL+S.l,INACTIVO,5/26/2024,3,,605
606,kmacgiffingt,bbetongt@boston.com,rB5{\!Vn'!,INACTIVO,11/18/2021,3,,606
607,sgeavenygu,mdowallgu@slate.com,"iN8#iS,U~oB}",ACTIVO,7/29/2025,2,,607
608,cchristoflegv,cbompassgv@lycos.com,gH3(mHiO%B<9,ACTIVO,11/19/2020,3,,608
609,smuddicliffegw,nkitchengw@posterous.com,mG4/J7~Br\}SidE,INACTIVO,8/30/2019,3,,609
610,jmahometgx,eleballgx@cnet.com,hY2.>VdZEv2Z#Y,INACTIVO,6/13/2022,1,,610
611,nhacquardgy,jgreenroddgy@wiley.com,qL2$|kG{,ACTIVO,8/3/2024,3,,611
612,cpiengz,mbarstowgz@dell.com,fC0{>/$s,INACTIVO,7/25/2022,2,,612
613,lfranschinih0,isawneyh0@squidoo.com,wJ4$q/>Dx|B8@0,INACTIVO,3/30/2025,1,,613
614,anewdickh1,rfarfooth1@theatlantic.com,"uG7$XP_{,_/",ACTIVO,12/12/2021,1,,614
615,ahansomh2,kruddlesdenh2@wufoo.com,lX6=m2(xA,INACTIVO,8/25/2020,1,,615
616,dstarkingsh3,djeppeh3@rambler.ru,bB9!D~Z32,INACTIVO,10/12/2022,3,,616
617,hgethingsh4,cborgneth4@google.nl,lH3~Ux'ZmdES9,ACTIVO,11/2/2019,3,,617
618,wstaggsh5,fdraycotth5@oakley.com,"hN5/n,EP1",INACTIVO,10/28/2025,2,,618
619,hgealleh6,rdaneluttih6@merriam-webster.com,hR8/(6wk5kx\0$Rf,ACTIVO,9/8/2020,2,,619
620,eforringtonh7,gterzih7@wikipedia.org,nF1)xd#U,ACTIVO,3/31/2017,3,,620
621,pjaqueth8,eradleighh8@independent.co.uk,eF6'F#x`f&plV'c,INACTIVO,11/28/2020,1,,621
622,egorwoodh9,tungerechtsh9@desdev.cn,"pO0+taQf!),",INACTIVO,11/25/2019,1,,622
623,ctonkinha,jwaythingha@ucoz.ru,oH5?5+KOZ0,ACTIVO,7/5/2025,3,,623
624,kwridehb,hsafhillhb@time.com,hR2=G?V(X+/,ACTIVO,10/1/2024,3,,624
625,eorneleshc,hworsnuphc@nih.gov,tC9@sB1>Vv$_,ACTIVO,11/9/2019,1,,625
626,gquartermainehd,lmcneilliehd@state.gov,"vN6""*8<""LvE/UPf6",ACTIVO,6/26/2019,1,,626
627,whaylockhe,ckinchleahe@hc360.com,wQ6=b{HgvOVm|=c4,INACTIVO,3/28/2018,2,,627
628,anundhf,msinnotthf@artisteer.com,dD6$o#KJ6,ACTIVO,7/9/2022,2,,628
629,gmughalhg,whorsleyhg@hostgator.com,"cQ8~'sz4p#lFw,(&",ACTIVO,6/5/2023,2,,629
630,mcoverlynhh,abarszczewskihh@mayoclinic.com,bJ6.tr7g~/SfZBD,ACTIVO,3/27/2024,1,,630
631,ktweddellhi,bkingscotehi@hugedomains.com,"oM8,M5.Jm",ACTIVO,6/29/2018,1,,631
632,fdaniaudhj,bhalladeyhj@prlog.org,hF6*flHlv5G*pT,INACTIVO,12/17/2025,3,,632
633,jbraimhk,ptrenowethhk@berkeley.edu,dI8_l1O(,ACTIVO,4/25/2017,3,,633
634,lkillshawhl,phenderhl@ning.com,yD6@7J*9D'<il0G\,INACTIVO,11/25/2021,3,,634
635,goleszcukhm,jgavanhm@rediff.com,vH3+NO$O%,ACTIVO,6/6/2022,1,,635
636,sbailliehn,fposthillhn@pinterest.com,"oU8?60""JhL}(c2C",INACTIVO,8/14/2023,1,,636
637,gaddicottho,fschirachho@printfriendly.com,"bA1~U{}Vsnq7U""'",INACTIVO,1/23/2018,3,,637
638,elewintonhp,rbecketthp@nifty.com,hC7@OWq*\,INACTIVO,1/27/2020,2,,638
639,aasipenkohq,aschollarhq@discuz.net,"oM9+ts,m""wWXjz",INACTIVO,1/28/2017,1,,639
640,reayrshr,zhulsonhr@nhs.uk,mL8)oW9k},INACTIVO,10/22/2022,1,,640
641,phawlerhs,gtreaths@goodreads.com,nT8.>5?ztWS_K0,INACTIVO,11/25/2020,1,,641
642,rreithht,muttleyht@yellowbook.com,qF4>#nMF/*=Ye,ACTIVO,12/2/2023,1,,642
643,apapworthhu,jhubbockhu@sogou.com,sV8`~2PHsq,INACTIVO,8/8/2020,1,,643
644,acubbonhv,yduthyhv@yandex.ru,"hJ7}PR~`,`!sUI&w",INACTIVO,4/13/2023,3,,644
645,mrapphw,beglisehw@elegantthemes.com,"bO9{,3)m",INACTIVO,1/17/2026,2,,645
646,npearcehx,gstalfhx@linkedin.com,"oA0,3}fJX<1",INACTIVO,8/4/2021,2,,646
647,mjirusekhy,gdavagehy@home.pl,"oO5.Q,8+",INACTIVO,4/4/2022,1,,647
648,jmuffinhz,cmellinghz@senate.gov,"yD4""72(XP",ACTIVO,12/11/2018,2,,648
649,hmumi0,ctordoffi0@reference.com,"kJ2`P,._",ACTIVO,9/19/2025,2,,649
650,cknaggsi1,hkeggi1@amazon.com,sB2>%sO@=|6,ACTIVO,1/6/2018,1,,650
651,bsauvani2,pgraithi2@delicious.com,dI2?9KzF1h`s,INACTIVO,5/7/2022,3,,651
652,adaryi3,dmacinherneyi3@addthis.com,"uZ7,+G)\hOmx3c",ACTIVO,10/26/2017,1,,652
653,bwannelli4,grolfoi4@unesco.org,"tR3~1pb*Z|iC""Lj",ACTIVO,9/24/2018,3,,653
654,hstedmondi5,elorrawayi5@ca.gov,"gE8!TE)CG?N.""",ACTIVO,11/11/2019,3,,654
655,mfieldsendi6,turvoyi6@ihg.com,hC1?GjjTBjTV8,INACTIVO,6/13/2023,1,,655
656,egoreisri7,sjodrellei7@tumblr.com,"oB1/+!\Xb""5f<}P""",INACTIVO,8/4/2023,2,,656
657,btalkingtoni8,syerborni8@state.tx.us,qM6#$a841,ACTIVO,12/25/2023,2,,657
658,bcockelli9,wroweti9@bloomberg.com,nQ2~um)'y@,INACTIVO,12/30/2019,2,,658
659,cevendenia,seclesia@goo.ne.jp,hL0{PA.<,INACTIVO,11/24/2019,3,,659
660,adoickib,cstookeib@netscape.com,vU9(y'StjQuY|4_9,ACTIVO,9/10/2016,3,,660
661,mgainsefordic,jclinesic@a8.net,dM3_W.FrS$$tBju,INACTIVO,12/7/2024,1,,661
662,rmobiusid,nbroadnickeid@canalblog.com,sC3/U2+W,INACTIVO,4/21/2022,1,,662
663,mbiaginiie,dpaolottoie@cbslocal.com,"bF8""{dw(xy3y$XkH",ACTIVO,9/18/2021,2,,663
664,vquinceif,dnasebyif@unicef.org,vJ0\o6.vUb{,ACTIVO,8/3/2016,1,,664
665,creastig,cgallegosig@upenn.edu,zH7<bBBJ%Q?uh,INACTIVO,6/26/2025,2,,665
666,wspreullih,rbolstridgeih@histats.com,iB1`+bkc`f,ACTIVO,3/25/2021,3,,666
667,jumfreyii,djirusekii@cnet.com,uV1{MJ4Bz9GiZ}D,INACTIVO,6/2/2022,1,,667
668,umallatrattij,aharrimanij@home.pl,aA5\7vwU(mhAd|_+,ACTIVO,8/24/2018,3,,668
669,cfarthinik,jburbridgeik@sfgate.com,gB5?7U}kkG5d,ACTIVO,10/14/2017,2,,669
670,cpaskeil,aruleril@csmonitor.com,wA3\nLGIj/h>|,ACTIVO,12/22/2023,3,,670
671,bmeenanim,bmulvihillim@jimdo.com,rN1(uS/J2!%,ACTIVO,7/1/2016,1,,671
672,folongainin,lbanishevitzin@google.com.au,eG6'/WCWP,ACTIVO,8/14/2016,3,,672
673,kbirtleyio,ddudhillio@yellowbook.com,kP5/loF}=Ec,ACTIVO,7/19/2019,2,,673
674,pimmsip,mwillmettsip@weather.com,"eK3}*O&""iUp",ACTIVO,10/25/2016,1,,674
675,ktripetiq,tandrosikiq@chronoengine.com,"rO4$Pioec""=<Q1Wk",ACTIVO,7/29/2023,2,,675
676,bsonscheinir,ahaycroftir@army.mil,"mG0#<@(&Qkv,>/",ACTIVO,11/20/2018,2,,676
677,lgrunsonis,amattekis@cocolog-nifty.com,uU5#1c)_,ACTIVO,5/18/2022,1,,677
678,mgalvanit,lsausmanit@un.org,qL0|<3m7(g/8)p,INACTIVO,4/24/2023,2,,678
679,gitschakoviu,dlantaffiu@artisteer.com,hB4=T*>BVIG&b9,INACTIVO,7/10/2017,3,,679
680,fegarriv,kcardowiv@chronoengine.com,vO8>UJu5?,ACTIVO,6/12/2018,2,,680
681,escneideriw,wclouttiw@people.com.cn,"fL0)cOnC1Z""h",INACTIVO,7/25/2021,1,,681
682,uborrowmanix,cwalwoodix@dmoz.org,aR8`O|TaGZTBg,ACTIVO,5/19/2025,2,,682
683,dbarkiy,emebesiy@bloomberg.com,nP5|0s|B,INACTIVO,12/10/2023,1,,683
684,mtankusiz,mallinsoniz@jalbum.net,nF9%Tl?V},INACTIVO,10/23/2023,2,,684
685,gdigwoodj0,ppleadenj0@liveinternet.ru,xK8'CaT),INACTIVO,8/26/2017,2,,685
686,bmckechniej1,tgandarj1@baidu.com,zG3*z0aIRfd',INACTIVO,5/31/2026,2,,686
687,cdashkovichj2,fsteuhlmeyerj2@sphinn.com,fO3!&hXb(ei\0>Lz,ACTIVO,11/10/2024,1,,687
688,kgyngyllj3,bjakubovskyj3@w3.org,"aA0?cex""Vvrst<$",ACTIVO,11/14/2025,1,,688
689,cdunawayj4,kklugerj4@engadget.com,fX4%?4Ju1.>\=nl,INACTIVO,11/4/2018,3,,689
690,hbogeysj5,smorkhamj5@cbsnews.com,"zN5&X@`P#b,4X)Y",ACTIVO,8/24/2018,1,,690
691,msudlowj6,iernij6@sphinn.com,iS5#GPPU.a,INACTIVO,6/12/2024,2,,691
692,bwhitrodj7,isainsburyj7@drupal.org,"bW9+yQ,~~",INACTIVO,4/12/2018,1,,692
693,tneavesj8,kbaudichonj8@state.tx.us,uT4{_WFyo%sAfD8~,INACTIVO,9/28/2020,3,,693
694,ksandesj9,fmoseyj9@amazon.de,xR6}ef2fq~VVn!c,ACTIVO,12/13/2016,1,,694
695,mnorkettja,sbloyja@i2i.jp,jD0{P|en,ACTIVO,2/8/2026,2,,695
696,cuvedalejb,nsycamorejb@1688.com,qM4&z+P<C1CC4>*n,INACTIVO,1/7/2024,3,,696
697,kmccombejc,cbailsjc@tuttocitta.it,dZ9|s051.'{,INACTIVO,2/1/2022,3,,697
698,smacroriejd,nbasilottajd@amazon.co.uk,"nL7,xiqt",INACTIVO,9/18/2024,3,,698
699,mcreboje,fclemmittje@ebay.co.uk,rU3=T&W'S/~|%,INACTIVO,2/20/2018,2,,699
700,stallentjf,cabbotsonjf@tripod.com,"nL9*DQ&h>"",%{}OX",ACTIVO,11/26/2019,3,,700
701,alatteyjg,gpasbyjg@sitemeter.com,"tY8`Sy@Af$,!d\O",ACTIVO,1/21/2024,1,,701
702,cflewjh,ksmalecombejh@prnewswire.com,jZ2~'uk`njor,ACTIVO,10/24/2019,2,,702
703,jtybaltji,cmacdiarmidji@51.la,lV7/<*cuMIP,ACTIVO,3/17/2023,2,,703
704,dcorballyjj,hygoujj@privacy.gov.au,eN9#}>($9T(DR,INACTIVO,6/1/2020,3,,704
705,tgreenjk,sardenjk@eventbrite.com,"rU2,hxantJ",ACTIVO,2/8/2022,2,,705
706,vgitshamjl,cpavolillojl@mozilla.org,wX9)m.BEzm`bXhL>,ACTIVO,7/8/2021,2,,706
707,rblaneyjm,gsoutherilljm@usa.gov,wL6%|6AIlGZ0p,ACTIVO,9/6/2018,1,,707
708,hdallinjn,rfrankesjn@dropbox.com,tX8/Fk|FpAhO1e{L,ACTIVO,9/7/2020,1,,708
709,wrathbournejo,mjenynsjo@alibaba.com,mV3!VcM`Zh=DVfP?,ACTIVO,2/13/2024,3,,709
710,mbrazeljp,ceagarjp@gmpg.org,dT1`}ZyW'X67u,INACTIVO,1/27/2018,1,,710
711,fkubaljq,sincejq@sciencedaily.com,zH8/11*+\LxQK,ACTIVO,12/19/2019,3,,711
712,ocouchmanjr,gpattisonjr@nbcnews.com,tA0#)m)}Qc6z&e6,INACTIVO,10/30/2023,1,,712
713,sricciardellojs,creamesjs@behance.net,aB3/C1CIgtjBl,ACTIVO,7/30/2025,2,,713
714,crideoutjt,jjohnseyjt@live.com,iY2{i<RL1xP/|6,INACTIVO,6/27/2019,3,,714
715,rstiveju,mballaamju@yahoo.com,cL1_FoH{L%i(>!R2,INACTIVO,11/28/2019,1,,715
716,ckarppijv,mmerredyjv@instagram.com,qF9~1Am@Z,INACTIVO,6/16/2023,2,,716
717,cshaplinjw,vcurnessjw@istockphoto.com,eZ4&a?WqOIt0,INACTIVO,9/4/2023,1,,717
718,chammanjx,bbrightlingjx@microsoft.com,rQ4`CN/&3QjJ}<+h,ACTIVO,4/21/2026,2,,718
719,heavesjy,fhebburnjy@cam.ac.uk,rS8==A1Q,ACTIVO,7/23/2025,3,,719
720,noherlihyjz,hchallissjz@bbb.org,tR6*M|*PI,INACTIVO,6/5/2026,1,,720
721,lkynastonk0,ddarlowk0@jigsy.com,vW2?`T'7s1+Pt,ACTIVO,2/19/2018,2,,721
722,kgorglk1,agingoldk1@purevolume.com,oA8.?i'iw%5=?,INACTIVO,5/19/2018,1,,722
723,tblazevick2,dmullaneyk2@hibu.com,vM9{&Ym&az=|$Q,ACTIVO,9/21/2018,2,,723
724,celtringhamk3,rbacksk3@ifeng.com,vP3>bR2dw&0/$'%F,INACTIVO,3/18/2021,3,,724
725,skopferk4,fnorthillk4@desdev.cn,yP1}g#yFaqog`D,ACTIVO,10/30/2022,2,,725
726,wdilnotk5,cklugmank5@bbc.co.uk,pV5)mrU4ZGtz0E,ACTIVO,8/1/2018,1,,726
727,dhaughk6,damblerk6@freewebs.com,wL2&%lfrdTN3R,INACTIVO,9/5/2021,2,,727
728,nnehlsenk7,onuemannk7@livejournal.com,kW2%W=yq@0/wKh,ACTIVO,3/11/2023,3,,728
729,crigbyk8,btustink8@mtv.com,sI5(bVnu5EVj+,ACTIVO,12/25/2016,1,,729
730,ecuddek9,ddudingk9@1688.com,"oQ0,WwB\fTS2z|o",ACTIVO,7/18/2025,3,,730
731,fohanveyka,eblanketka@yellowbook.com,yH7=exlub{$)Hjl{,INACTIVO,1/14/2017,1,,731
732,eschubartkb,aautriekb@blinklist.com,vM8>!nPjR{,INACTIVO,11/3/2024,2,,732
733,pkrolikkc,rhugillkc@youtube.com,yC7.m*3>~5!u,INACTIVO,3/28/2024,1,,733
734,twhittletonkd,pfoskenkd@fc2.com,vV2`LTJhs&<Deh@z,INACTIVO,6/16/2018,2,,734
735,jeastonke,ndelaspeeke@twitter.com,hY8!5YZ|~j&t9,ACTIVO,2/9/2022,1,,735
736,dwalkinshawkf,edawidowitzkf@engadget.com,"rU2\,lWu",ACTIVO,2/2/2021,3,,736
737,ajarviskg,cferreakg@ameblo.jp,"jQ1+E/""!=!*nJ""",ACTIVO,8/9/2022,3,,737
738,ncockarillkh,nbonallickkh@nydailynews.com,eV9?WX+lK<EU<,ACTIVO,12/26/2024,1,,738
739,bcolhounki,dccominiki@sbwire.com,zF6=3%<J{3m$%h#,INACTIVO,8/16/2019,1,,739
740,mbrandeskj,llaukj@reddit.com,"hM3$Os""6=jVCuZ<",ACTIVO,4/24/2020,3,,740
741,dheiferkk,lpresnailkk@mtv.com,nD7~<z2Km,INACTIVO,4/10/2024,3,,741
742,callumkl,clyffekl@google.cn,jM3@FCQiiVZT{,ACTIVO,11/28/2017,1,,742
743,npilipyakkm,jbangiardkm@mapy.cz,cA2$3z3_,INACTIVO,1/16/2020,1,,743
744,pmanneringkn,lmusselwhitekn@csmonitor.com,nS7{q$xxJ,INACTIVO,9/1/2021,2,,744
745,gmuggko,jadawayko@chronoengine.com,tF3<0GSaDmvO,ACTIVO,6/23/2025,1,,745
746,jsharvillekp,jrossettikp@com.com,gA2(TI7TV9Uwlv,INACTIVO,9/13/2018,3,,746
747,mtreffrykq,mmckernonkq@storify.com,kZ9?\%Pc_h0!si,INACTIVO,6/26/2018,2,,747
748,mmarriottkr,ailievekr@livejournal.com,"aE4*D,=dAodG1",INACTIVO,3/24/2022,1,,748
749,pjobernks,lstormouthks@umich.edu,yJ3}p7C/63Gx,INACTIVO,9/25/2021,3,,749
750,mseverkt,msouttarkt@cargocollective.com,"bE7~,`kbKB|",INACTIVO,8/20/2018,3,,750
751,ppondjonesku,beunsonku@gmpg.org,mW6#q@N(gE,INACTIVO,2/15/2022,2,,751
752,thamberstonkv,jbonhommekv@artisteer.com,fB2?cWS|EpPZV7,INACTIVO,10/4/2022,2,,752
753,bhellenkw,gglencroskw@accuweather.com,cF5{u%ac%JR|od,ACTIVO,7/10/2021,1,,753
754,lnisenkx,adunthornekx@smugmug.com,nB2.LK\Cjy(,ACTIVO,1/30/2018,3,,754
755,brosetky,gmahaffeyky@oakley.com,xT9}ZwKo#{rF4!,INACTIVO,7/28/2017,3,,755
756,craittkz,ccotmorekz@ca.gov,vO8{m=a.`j=y,INACTIVO,12/17/2024,3,,756
757,ctamburil0,twildesl0@vkontakte.ru,fZ6##4FtBahW,INACTIVO,12/31/2025,1,,757
758,bmugglestonl1,ahelversenl1@fema.gov,lA6%>X8@QlJ0V0o,ACTIVO,12/25/2023,2,,758
759,mbrugmanl2,evanderhoogl2@who.int,lU7$cx~|~SPM,ACTIVO,7/28/2018,1,,759
760,ndranel3,csolonl3@sciencedaily.com,mP5~&{R|Xe.O3OP,ACTIVO,1/31/2026,1,,760
761,jstronghilll4,bghionel4@slate.com,iD0(j8#QB,ACTIVO,6/24/2025,2,,761
762,aantonatl5,targhentl5@yahoo.co.jp,nZ4&%dceE,ACTIVO,2/1/2017,2,,762
763,rlodinl6,cmcevoyl6@amazon.co.jp,"yV9%p@""l?bdr",INACTIVO,3/14/2020,3,,763
764,wbovairdl7,amingaudl7@wiley.com,jF9`g6TuA#y/yk1,INACTIVO,7/27/2018,1,,764
765,lcluffl8,gelcoml8@biglobe.ne.jp,"jZ6{""TU$<",ACTIVO,12/6/2020,1,,765
766,lrosenthalerl9,dcharlottel9@symantec.com,wJ4&4M5I,ACTIVO,9/9/2022,1,,766
767,jfurmongerla,mwoolnoughla@newsvine.com,aR0_MV$!tF=Wh,ACTIVO,3/15/2025,3,,767
768,uennewlb,dbookerlb@ftc.gov,hQ2<'s!)J,INACTIVO,8/24/2024,1,,768
769,sbessantlc,hbrettonerlc@rambler.ru,bP2\pncDKWb~Z,ACTIVO,6/8/2025,2,,769
770,tboggonld,dcastanhold@usa.gov,aT2\yE3U<(,ACTIVO,2/6/2019,1,,770
771,bbissonle,pblasikle@cdbaby.com,nX7_RX6zi\.K},ACTIVO,3/23/2022,2,,771
772,mlemonlf,wlethcoelf@linkedin.com,cL3}WW1t_,ACTIVO,4/27/2022,3,,772
773,gskogginslg,hbarnhartlg@goodreads.com,kT3|Vo6SB'ZJ,ACTIVO,4/25/2019,3,,773
774,rameylh,vniblettlh@google.pl,iU6+h{HHoX1Su,ACTIVO,11/29/2025,3,,774
775,jconneauli,pshepleyli@gnu.org,"mE7"",<\*K",INACTIVO,4/10/2024,3,,775
776,charknesslj,edmychlj@admin.ch,wF9>50lBm,INACTIVO,3/2/2025,1,,776
777,fchaffinlk,pgraysmarklk@deliciousdays.com,vO6(bimzngv`,INACTIVO,3/3/2025,2,,777
778,uraggattll,fcostell@unc.edu,yT8$W8dZA,ACTIVO,10/7/2021,2,,778
779,ctweedlm,bkitchingmanlm@barnesandnoble.com,tU9\%l'4$\V,INACTIVO,11/4/2021,2,,779
780,dschermeln,blindermannln@google.ru,"bN3$FxvePiN""6,ZX",ACTIVO,12/8/2022,1,,780
781,erippingalllo,kilchenkolo@csmonitor.com,xC6(5q4)RoIaP(),ACTIVO,8/16/2025,3,,781
782,shitterlp,ndimaggiolp@goodreads.com,wQ6<uGrWCANNySD,INACTIVO,9/13/2020,2,,782
783,filyuchyovlq,iskaifelq@twitter.com,mC3<rh\4#?Vl,ACTIVO,7/13/2023,1,,783
784,dtrobridgelr,eleyninyelr@prnewswire.com,pL3`TFr'`Lr/uWw,ACTIVO,8/3/2024,2,,784
785,nnendls,kangerls@bbc.co.uk,"bS0)u""1$N{k{",ACTIVO,8/18/2025,2,,785
786,pstrattanlt,dbagotlt@photobucket.com,aZ9*u{\+qNajd1EW,ACTIVO,1/27/2024,3,,786
787,hferranlu,dtramellu@ox.ac.uk,"dN3""4l)nvE?IX$n.",INACTIVO,9/12/2024,2,,787
788,ehindeslv,nsnelsonlv@usgs.gov,oM1&%OV2o94uE{,ACTIVO,5/22/2022,1,,788
789,pethridgelw,jperrielw@noaa.gov,gH0)e/0<$<H3p,ACTIVO,8/22/2020,3,,789
790,grockclifflx,tpeaurtlx@bloglovin.com,"gS2}yi620,K0",ACTIVO,7/4/2019,3,,790
791,dybarraly,rbugdellly@posterous.com,bU3(4aECJ!`Ukj,ACTIVO,1/31/2022,2,,791
792,ttolsonlz,pjopsonlz@bravesites.com,vZ1~p(Sfd&Do~Vn,INACTIVO,1/24/2017,1,,792
793,ccomstym0,pwoodisonm0@loc.gov,"cH8&d},KY",ACTIVO,11/28/2022,1,,793
794,asleitm1,pandryushinm1@hao123.com,"lS7_5BD""yMo'aRHq",ACTIVO,6/18/2021,2,,794
795,agarlingem2,yclarksonm2@netscape.com,uQ1&vZp>Xh@9,ACTIVO,7/14/2022,2,,795
796,jmaccrossonm3,heasenm3@mlb.com,pI9{wy52Jdd=qV},INACTIVO,6/7/2026,2,,796
797,omorfettm4,aspoonerm4@census.gov,zS9\dS~vHk,INACTIVO,2/14/2017,1,,797
798,kmattacksm5,draschm5@tmall.com,hA7}I0~EIUHwCp,INACTIVO,2/16/2024,3,,798
799,jsielym6,fvellacottm6@tamu.edu,kP0.y<}_,ACTIVO,5/5/2017,2,,799
800,thirschm7,fnesbym7@posterous.com,rM6.gQ<Z/LLXMv,ACTIVO,1/13/2025,2,,800
801,leccersleym8,msifleetm8@flickr.com,hH3\a86Q,INACTIVO,5/20/2024,2,,801
802,smawerm9,lshortcliffem9@e-recht24.de,hQ7.586@A%Z%4),INACTIVO,2/21/2019,2,,802
803,cvaneyma,ltessymanma@github.com,rW2'd|W}M,INACTIVO,4/3/2019,1,,803
804,lmctiernanmb,mlyallmb@examiner.com,fW1=0zzk1ZJwWjgh,INACTIVO,1/24/2025,2,,804
805,bcroftmc,dlowlessmc@ocn.ne.jp,"gR3?,A7F",ACTIVO,6/3/2025,2,,805
806,hjoinermd,mcrossgrovemd@usnews.com,rI7+30@kOpcb,INACTIVO,11/5/2017,2,,806
807,asiemonsme,aemmme@eventbrite.com,sT3=grPq5||PE,ACTIVO,9/3/2025,2,,807
808,etouzeymf,atassellmf@timesonline.co.uk,eS4$y)Xx*$P/i,ACTIVO,2/22/2019,2,,808
809,mbrunonemg,dbirkenshawmg@photobucket.com,mJ1_b.kg!78\Ue6,ACTIVO,12/8/2020,1,,809
810,mawtymh,wbottlesonmh@instagram.com,eC6\nEY>H2q_R&,INACTIVO,10/18/2018,3,,810
811,cieldenmi,aminuccimi@digg.com,tA3_J9f}',INACTIVO,2/5/2023,2,,811
812,tnorewoodmj,smullallymj@huffingtonpost.com,sM3/}&2278P'X,INACTIVO,12/15/2019,3,,812
813,efumagallimk,bchittymk@economist.com,fS9~vtgSl2,INACTIVO,6/21/2019,2,,813
814,dpalombiml,jebiml@list-manage.com,hX5!7{'t?P3`h<,ACTIVO,4/24/2019,3,,814
815,jmcneilmm,aglendiningmm@gmpg.org,sF3%Zqdbr6,ACTIVO,1/18/2024,3,,815
816,obannonmn,bmayallmn@photobucket.com,yD2=>p>qF+as$,INACTIVO,12/31/2023,2,,816
817,nvaughtenmo,cphillottmo@macromedia.com,aX3&_2jRGlQ,INACTIVO,10/15/2023,3,,817
818,hkensitmp,tcaudeliermp@dot.gov,qQ9=w}cUJ>lWzZRd,ACTIVO,7/26/2022,3,,818
819,hdorrianmq,jkhalidmq@sohu.com,"pY9~sty|,lcN",INACTIVO,3/1/2021,3,,819
820,rextancemr,acashleymr@nydailynews.com,fY9<>#_7dG,INACTIVO,10/6/2021,1,,820
821,kmundlems,amacdaidms@cornell.edu,mB7)*n|zLO)FF,INACTIVO,4/8/2022,3,,821
822,schatelainmt,jpossellmt@linkedin.com,tX1?4S89{S,INACTIVO,5/24/2018,3,,822
823,lkrollemu,pwoolleymu@washington.edu,jL0!'$g#z(u+,INACTIVO,5/11/2019,3,,823
824,aheggmanmv,mtapsfieldmv@dyndns.org,"jV3(jfIE<Acb""LRr",ACTIVO,2/21/2020,2,,824
825,ccubinmw,kbolesmw@ftc.gov,fB1_<HwRp0*,INACTIVO,11/14/2021,3,,825
826,jgrishinmx,dhopewellmx@unicef.org,"lK7=x&XO"">\h",INACTIVO,8/21/2025,2,,826
827,gkenrickmy,nshoesmithmy@census.gov,oD4+n8%lgz7Q|Gu,ACTIVO,7/26/2020,2,,827
828,rpennettimz,cneildmz@alibaba.com,cZ2/{9<q}5`pWtX<,ACTIVO,3/26/2023,2,,828
829,cdarcon0,fedgarn0@umich.edu,fK9@&~<DUQ&Z1XH,INACTIVO,10/6/2025,3,,829
830,bitzcovichchn1,dkenefordn1@ucoz.com,"jZ1*QHAm""%9h",ACTIVO,10/24/2019,3,,830
831,dbalshawn2,cdeddumn2@unesco.org,"hS9@""}=""uvlYz.",ACTIVO,3/4/2020,1,,831
832,afowleyn3,rrichardeaun3@barnesandnoble.com,kT3|L0BEwZ~0zfz,ACTIVO,2/8/2019,3,,832
833,mgernern4,jwhitingtonn4@yellowbook.com,jG9*sz90F}xfii,ACTIVO,8/12/2025,3,,833
834,abinleyn5,ncrownshawn5@sciencedirect.com,sH5@i?mp,INACTIVO,2/16/2023,2,,834
835,csellarsn6,pgarryn6@cornell.edu,wF4/Kgkf3.cg,ACTIVO,6/11/2023,3,,835
836,twreakn7,mdaversn7@dion.ne.jp,aO7`=EO.cC,INACTIVO,3/27/2022,2,,836
837,gfarfolomeevn8,nunthankn8@geocities.jp,"jJ4>TTQ*2""9f",INACTIVO,8/14/2023,1,,837
838,ileagasn9,mrouken9@w3.org,yG2($fyrr$b,ACTIVO,1/9/2020,1,,838
839,bbrazerna,gaccumna@vistaprint.com,rG0#+*r?'p{V+,INACTIVO,11/29/2025,3,,839
840,tdaddnb,avanderbeeknb@usa.gov,"mM8`,veNxd\813",INACTIVO,6/11/2019,3,,840
841,eantoninc,vbournernc@stanford.edu,"qV0,p@}!",ACTIVO,1/1/2025,1,,841
842,cgrellisnd,rwardellnd@chicagotribune.com,xY4@Why#)I,ACTIVO,1/10/2018,2,,842
843,swynessne,nliptrodne@joomla.org,aS0|pqD@h=|,ACTIVO,2/20/2020,3,,843
844,kowersnf,hcasieronf@mashable.com,"eL3,5iXI",INACTIVO,10/17/2024,2,,844
845,dmowattng,aalmeyng@google.co.uk,"tZ6/"">%+=Xa",INACTIVO,4/22/2018,3,,845
846,nbrunetnh,lstanyernh@epa.gov,eD7|bXREAQ}8qMz?,INACTIVO,8/19/2017,2,,846
847,spadfieldni,pcoakleyni@infoseek.co.jp,gA4~(3Ai(UZ~j+,ACTIVO,3/9/2019,2,,847
848,sreightleynj,jantonionj@princeton.edu,"iV8|_C07v_asKA,",ACTIVO,8/5/2021,3,,848
849,cjugginsnk,sweedenburgnk@nih.gov,vF9.yEkzO~@$?}y,INACTIVO,11/7/2017,3,,849
850,zkiliusnl,sgraesernl@rakuten.co.jp,xW7)w~&1}e2.5)sC,INACTIVO,10/14/2018,1,,850
851,xmongetnm,jpaulichnm@home.pl,"fO9.ka""i",INACTIVO,7/9/2018,2,,851
852,uwinthropnn,tmalthousenn@reuters.com,sW4(ySt$|&,INACTIVO,9/1/2022,3,,852
853,tsemeredno,dconnueno@domainmarket.com,"yE4`%i6,Zg_U#4",ACTIVO,8/2/2021,2,,853
854,hmabbuttnp,kturfusnp@xinhuanet.com,"sE1""`/FZMu2'?A",ACTIVO,1/12/2019,1,,854
855,jsamblesnq,lruoffnq@bing.com,eK4=6x8K4/(,ACTIVO,3/7/2022,1,,855
856,lyglesiasnr,kjordonnr@1und1.de,wN3(!Ui+SL,INACTIVO,2/17/2020,3,,856
857,cdumpletonns,ajearumns@t.co,kO6~GUOLgW@,ACTIVO,10/27/2025,2,,857
858,atwizellnt,fmooreynt@rediff.com,"uY4,>?m59s)H3",INACTIVO,10/19/2023,1,,858
859,afonteynenu,lrayntonnu@yelp.com,iI3%\*v?eO|,INACTIVO,6/15/2020,1,,859
860,hfransoninv,nmcmylornv@fastcompany.com,"zB2`""V%K2>MF.)",INACTIVO,4/2/2026,1,,860
861,lferresnw,scubbitnw@kickstarter.com,aL1(~81r'y&@Vh@,ACTIVO,6/15/2026,3,,861
862,mrashleighnx,bferonetnx@yellowpages.com,xF3`}/bQl'`\rk%,INACTIVO,7/29/2020,2,,862
863,ngettensny,hmarchisony@phoca.cz,"sO2""""""/K9*",INACTIVO,10/25/2019,3,,863
864,bdemcaknz,dswatheridgenz@washingtonpost.com,xC4&i<@_PM,INACTIVO,1/4/2023,1,,864
865,hnormabello0,slourencoo0@bluehost.com,sG1.jOVepa?`s,INACTIVO,9/14/2022,3,,865
866,jlipyeato1,csowmano1@nhs.uk,zO7{IzI~pw1*y,INACTIVO,9/4/2021,3,,866
867,hciottoio2,bconnechyo2@usgs.gov,tD8.nqmIzPW6q',INACTIVO,11/3/2025,1,,867
868,pcumberlidgeo3,acharvilleo3@multiply.com,"bK2#gU\.M,SV",ACTIVO,6/30/2020,1,,868
869,ffirsbyo4,pcowleo4@spiegel.de,"cO7@""dISCC~{",ACTIVO,10/7/2019,2,,869
870,brigateo5,msheweno5@histats.com,qT6{2nQSD@Ax,ACTIVO,8/22/2025,3,,870
871,amayeso6,sarkleo6@live.com,iE1_sPC{=bNA),INACTIVO,3/30/2020,1,,871
872,cwestono7,proartyo7@yolasite.com,pG7>95H%v+$?h,INACTIVO,6/13/2018,2,,872
873,pbloxsumo8,tswateridgeo8@scribd.com,"sC4|e""~TE|=~Wu#W",INACTIVO,1/23/2025,1,,873
874,jjentzscho9,bbrightieo9@live.com,"lF0""kvMXWVNm?J5",INACTIVO,8/3/2021,3,,874
875,gkilohoa,kdunkertonoa@meetup.com,zD6.3V0wTB>+88,INACTIVO,4/10/2019,1,,875
876,hstutob,wwhittleob@ebay.com,xK2$2K=<#(,INACTIVO,10/19/2019,2,,876
877,wjinkinsonoc,bboxeoc@google.cn,tQ9'+=~/JVvj2f,INACTIVO,3/17/2021,2,,877
878,rmazonowiczod,aidaod@about.me,lW4.\p6_,INACTIVO,5/3/2025,3,,878
879,emcnirlinoe,mlawrensonoe@t.co,gW2{VG`x@hm!,INACTIVO,3/20/2017,2,,879
880,cobroganeof,nosgoodof@gnu.org,"rQ9,8&w'S3~dfg!",ACTIVO,1/7/2021,2,,880
881,biveryog,sclemensonog@t-online.de,"xQ6""I1mzoLqFGQiv",ACTIVO,12/14/2019,1,,881
882,lsturgisoh,chanrettyoh@wix.com,jH4'N?FgQ!,INACTIVO,7/18/2022,1,,882
883,semanulssonoi,bbluettoi@ox.ac.uk,yS1#1uPT@O6%HM,ACTIVO,9/8/2025,1,,883
884,idiruggerooj,gstedelloj@dyndns.org,jW8=)ZItOn,INACTIVO,4/1/2024,3,,884
885,lkitchinghamok,jsturtonok@weebly.com,lM7/1jvV,ACTIVO,5/3/2017,1,,885
886,avescoviniol,kkidsonol@themeforest.net,cK4=%1aP33d@,INACTIVO,1/24/2019,1,,886
887,fellerkerom,borfeurom@istockphoto.com,iI6.t6IJ>,ACTIVO,8/5/2021,2,,887
888,ceytonon,agyleson@google.co.uk,nS4>h&}@&~.,INACTIVO,12/7/2016,2,,888
889,eughellioo,asailoroo@meetup.com,"kD8,0>$R!~PtRc",INACTIVO,10/13/2016,3,,889
890,bstreetingop,wtejeroop@thetimes.co.uk,lY2}DkfR,INACTIVO,11/19/2023,2,,890
891,wwindridgeoq,hhowlingoq@360.cn,jV2(I9Qrp,INACTIVO,2/20/2025,1,,891
892,mwaliszewskior,sbadsworthor@hubpages.com,"fD0`T""ZB",ACTIVO,11/15/2021,3,,892
893,pmixworthyos,bcrottyos@wunderground.com,nD7|cxV_Jlj3s}8%,INACTIVO,11/1/2022,2,,893
894,bcordeixot,hduesberryot@gnu.org,yC5`7FUVMl+,ACTIVO,8/18/2022,3,,894
895,igianielloou,laltonou@over-blog.com,dK4.Ls{U7e,ACTIVO,4/26/2020,3,,895
896,dbollerov,ibenezetov@bandcamp.com,hR3{Qin_z(FREsKD,ACTIVO,5/8/2026,1,,896
897,psygrovesow,nnottonow@unc.edu,"wC7""(_w(9l~Z3i",INACTIVO,4/20/2025,3,,897
898,lporteox,rguidiniox@oaic.gov.au,aD6/Ci.bl,INACTIVO,5/10/2023,2,,898
899,drenneoy,kmathisoy@facebook.com,aK3'6ynx6),ACTIVO,9/26/2024,1,,899
900,mtomikoz,glightbownoz@va.gov,"aC1""U4F1F'i",INACTIVO,10/30/2025,2,,900
901,wmcvickerp0,hzarfaip0@mozilla.org,jE8?~piQ,INACTIVO,7/14/2017,2,,901
902,clightwingp1,dhadawayp1@myspace.com,gH6&6iKft8p`J,INACTIVO,1/21/2024,3,,902
903,dstientonp2,ccoenp2@dagondesign.com,"lN2,ol@3xO",INACTIVO,7/4/2025,1,,903
904,afraschettip3,lpaylep3@delicious.com,mX0(h_x)xho!,ACTIVO,1/22/2025,2,,904
905,aspyerp4,bschildp4@reference.com,zC9!)AXDnln,ACTIVO,3/6/2021,2,,905
906,uoldridgep5,tgillimghamp5@de.vu,cG1_n0E_N,INACTIVO,6/20/2021,2,,906
907,hmossopp6,aschultzep6@zimbio.com,qA7)w|g'j4*BHT>8,INACTIVO,6/1/2022,3,,907
908,aloftusp7,fburelp7@mayoclinic.com,dB0/innoB`\QqHu5,ACTIVO,11/17/2024,2,,908
909,plawnp8,jhirthp8@blogs.com,"fQ2,$bqn=t+EP",INACTIVO,9/21/2019,3,,909
910,oantatp9,apetrillop9@nasa.gov,"yB7!)r,!",INACTIVO,7/5/2022,3,,910
911,cjuraszpa,hserrelspa@wsj.com,"aV0""i)vzPL,rbZgk",ACTIVO,10/22/2024,1,,911
912,ssheekeypb,rmurrisonpb@samsung.com,wW3<</Zz0Zx,ACTIVO,11/18/2025,1,,912
913,gdavidescopc,rfurlongepc@123-reg.co.uk,pU1?#r{PG..BxOTf,ACTIVO,10/31/2020,2,,913
914,atimminspd,eeastwaypd@mail.ru,xU7_rf!u%1v,INACTIVO,5/13/2020,1,,914
915,alidstonepe,javramovitzpe@unesco.org,"iN1+<s$ZO.""",ACTIVO,6/12/2017,3,,915
916,okarlmannpf,aloweypf@prlog.org,lO7#.f`Ue7gOX0sq,ACTIVO,2/24/2021,1,,916
917,amcgillivriepg,gridgwellpg@about.me,nV0\0r`vEGd48_?},INACTIVO,6/13/2023,1,,917
918,tchamph,tboyfordph@unesco.org,zT7~WL&sp,ACTIVO,9/13/2022,1,,918
919,cproverpi,sfaranspi@foxnews.com,sK4$HQ#hfI/>}Lc,ACTIVO,12/29/2025,2,,919
920,zebbittpj,jbimspj@symantec.com,mO5<d%wyrXB&W,ACTIVO,5/25/2019,1,,920
921,ewaitingpk,dglennpk@elegantthemes.com,cC4$2QxOP|4&!,ACTIVO,11/9/2024,1,,921
922,bwhistanpl,lsavagepl@chron.com,xY1)U1'*Kgb?/3,INACTIVO,3/6/2025,2,,922
923,rtumiltypm,mwincerpm@mapquest.com,bD8=)ZId,ACTIVO,12/12/2019,1,,923
924,igerrelspn,mfarrispn@accuweather.com,"cU0""%Y4zKfcu1%3~",ACTIVO,1/3/2021,3,,924
925,lpinkertonpo,ymusselwhitepo@hatena.ne.jp,"vH1*T|T""b",INACTIVO,9/13/2022,3,,925
926,dharcombepp,plearmonthpp@va.gov,fU1@5r0c=tT_,ACTIVO,10/4/2019,1,,926
927,mtilbeypq,jgertpq@so-net.ne.jp,iC7{tbktGe#c1oOY,ACTIVO,9/8/2016,1,,927
928,gcridgepr,eaustpr@pen.io,"yO5""sqoRW",INACTIVO,7/25/2024,2,,928
929,pploughwrightps,rendenps@ask.com,qT0&aqHQD+bw_V#,ACTIVO,5/22/2026,2,,929
930,bleonardspt,ewardropept@live.com,vH1_qzZ98,INACTIVO,3/25/2024,3,,930
931,ttreslovepu,cmacardpu@mayoclinic.com,cD7&Cgvn<+z,ACTIVO,9/5/2019,2,,931
932,sgirhardpv,mbellshampv@patch.com,iS0+/R(L,INACTIVO,1/25/2019,1,,932
933,cvonderemptenpw,wrobardpw@altervista.org,jV7'ZdtS*M,INACTIVO,9/17/2018,1,,933
934,ddaveleypx,sdurnianpx@ihg.com,nB9(3=Q0p9Vy,INACTIVO,10/30/2016,3,,934
935,vdominguezpy,akennhampy@canalblog.com,bX1`WO.mTX\,INACTIVO,3/15/2018,2,,935
936,gpartletonpz,cshermarpz@ow.ly,lX6)$Q{)bva8<,INACTIVO,12/14/2019,3,,936
937,ldykasq0,rarnaldoq0@nifty.com,"pR0,h%k*wjtP",INACTIVO,10/15/2017,2,,937
938,jfrancescq1,sdowsettq1@cpanel.net,nZ4%|VJbBV%,ACTIVO,9/28/2024,2,,938
939,gfernyhoughq2,cschuhq2@soup.io,sD3~AX'M,INACTIVO,9/29/2017,3,,939
940,kruscoeq3,tfilmerq3@newsvine.com,tW8&Ke+{}vP+09is,ACTIVO,12/3/2024,1,,940
941,dbroxisq4,djillettq4@businessweek.com,"cK8,S9UL",ACTIVO,12/12/2017,1,,941
942,hfarransq5,jmourtonq5@wikispaces.com,fZ9\hpU~W!c,ACTIVO,9/20/2025,3,,942
943,dhelstromq6,tlabroueq6@oaic.gov.au,oL6$jG*nJNiwb#&,INACTIVO,2/4/2023,2,,943
944,rborthwickq7,awalklettq7@dot.gov,rB9*N|1}e'AEmH,INACTIVO,3/18/2023,2,,944
945,hcoalesq8,ywoodroffeq8@unesco.org,lC7+%djL@7G2\h0u,INACTIVO,3/4/2023,3,,945
946,delleswortheq9,mwratesq9@bluehost.com,nB6\5OD~wa)oWr{,INACTIVO,2/21/2022,3,,946
947,swildeyqa,fhazeldenqa@delicious.com,"uV6'&+jm}(kYJ{,`",INACTIVO,10/20/2025,2,,947
948,smquhargqb,sleprovostqb@nbcnews.com,xY3|wLUR(0v0uFx,INACTIVO,2/26/2020,1,,948
949,cdomerqqc,jkobkeqc@nifty.com,fB2?oae~shi@,INACTIVO,8/18/2021,3,,949
950,ftunnochqd,fsatterlyqd@uiuc.edu,iW1(Q`j/?sTk3k3,INACTIVO,2/9/2020,1,,950
951,mewestaceqe,rthurstonqe@biglobe.ne.jp,vN7`Q%z&F,ACTIVO,10/14/2025,3,,951
952,jbardillqf,ckleeqf@wisc.edu,qR5.rV{OfpFA,INACTIVO,5/20/2023,3,,952
953,mblighqg,awithersqg@earthlink.net,sL0%uNVMtq,INACTIVO,6/25/2017,2,,953
954,mdmitrovicqh,vdumingoqh@buzzfeed.com,kO8'}_1{h_(Nt,INACTIVO,6/8/2023,3,,954
955,bgroseqi,bhabbemaqi@uiuc.edu,"bL9|,FuX$QKoO=%f",INACTIVO,6/13/2020,2,,955
956,sfortinqj,ahalfhydeqj@howstuffworks.com,lR8'dYJiHO'U,INACTIVO,11/4/2020,2,,956
957,brullerqk,gharrinsonqk@ycombinator.com,xS6/U9N7v\@vl,ACTIVO,6/29/2017,1,,957
958,mroysonql,estintonql@delicious.com,lG4`B{Ore,ACTIVO,2/23/2017,3,,958
959,avequeqm,kmarhamqm@who.int,sW0'mw$?x)>,INACTIVO,2/7/2023,2,,959
960,ztwintermanqn,rskeggsqn@tamu.edu,kF5+P_$FR64,INACTIVO,2/19/2017,3,,960
961,kflecknoeqo,pclaybournqo@cam.ac.uk,yI1{K=sCJ25(+O,ACTIVO,11/11/2020,2,,961
962,jvalentinqp,pthonqp@house.gov,sB8\=vReTy7L=,INACTIVO,9/18/2016,2,,962
963,rbossonsqq,anutkinsqq@uol.com.br,xL0+\D}fr,ACTIVO,7/8/2023,2,,963
964,scahanqr,mleversonqr@smh.com.au,mS8|shCzh1duA2,ACTIVO,7/14/2016,3,,964
965,ikinzettqs,zholbarrowqs@guardian.co.uk,"nL0=}g6b5}b~Y,.",INACTIVO,5/25/2026,2,,965
966,adugallqt,adelacoteqt@pcworld.com,tO6`ly9SB6C,INACTIVO,2/4/2020,2,,966
967,ebotleyqu,mjeramqu@nih.gov,bI6=X')2<\4,INACTIVO,3/4/2017,2,,967
968,kdelgadilloqv,sfredeqv@ucoz.com,fK8$\wF>B,INACTIVO,4/25/2025,3,,968
969,mbuntineqw,sportlockqw@angelfire.com,mO2|+>FIWGQ,ACTIVO,10/18/2017,2,,969
970,vpawlingqx,kteasdalemarkieqx@nhs.uk,oC1@8OR<JEU3,ACTIVO,11/24/2025,1,,970
971,lblakerqy,eroddaqy@wunderground.com,"bP3>|+AS,)#E(qK",INACTIVO,9/6/2017,2,,971
972,zmemoryqz,gdownqz@simplemachines.org,kR1$0h@5@&,ACTIVO,3/31/2018,3,,972
973,rinderwickr0,jwillavoysr0@ifeng.com,"lS5""NpfI|X5J2Pd",INACTIVO,6/11/2022,2,,973
974,vleinweberr1,msodorr1@illinois.edu,yM3&KYHx94i1c,INACTIVO,8/27/2022,2,,974
975,jmainwaringr2,ltidboldr2@i2i.jp,"iX6~8}@9Bm3J!S""",ACTIVO,4/5/2023,1,,975
976,rodonoghuer3,whawtryr3@youtube.com,"eT7@zo=X,KwY",INACTIVO,5/31/2021,3,,976
977,astanfieldr4,fgrester4@alibaba.com,"hO1_QvT8""Or+SJ",ACTIVO,1/31/2023,3,,977
978,lbiggansr5,kgwynethr5@sbwire.com,lA5%)X8sAv,ACTIVO,11/30/2018,1,,978
979,ashackelr6,cgwalterr6@intel.com,iW2#_+h)!M@V=w,INACTIVO,9/25/2016,3,,979
980,gcowardr7,gabramoviczr7@ucoz.com,xS4'l0&p4$CQ6Y),ACTIVO,3/17/2026,1,,980
981,pbrisser8,breallyr8@sourceforge.net,"tO3""e)=g",ACTIVO,10/16/2024,3,,981
982,azaniolor9,clidsterr9@princeton.edu,kQ8)YtQPFFuC,ACTIVO,2/16/2019,3,,982
983,tsutterfieldra,oatackra@meetup.com,"qC1?}9r},0jj5}D",ACTIVO,6/30/2025,3,,983
984,kmacdermotrb,redlandrb@vimeo.com,qO7&UHT2kK\x(kN',ACTIVO,9/26/2021,1,,984
985,ctradewellrc,ucharkrc@flavors.me,eS4@qi{TZgd`<,ACTIVO,12/8/2018,1,,985
986,llubmanrd,fpearcyrd@mlb.com,qU6`!U\R,ACTIVO,9/12/2019,3,,986
987,ccrallanre,gmegaheyre@fc2.com,"mH8(3q""!PxbAec<\",INACTIVO,8/15/2021,2,,987
988,mcodlingrf,jsarsonrf@networkadvertising.org,"bR7\U""z9",INACTIVO,9/18/2021,1,,988
989,npulfordrg,naxerg@twitter.com,yX5)T/yr*_2d3+,INACTIVO,6/24/2020,3,,989
990,shaythornthwaiterh,adeavinrh@examiner.com,"nM6'Z,Y?E}L",ACTIVO,6/13/2021,1,,990
991,kmanjotri,cnormavilleri@cnbc.com,oX3>/DC$Zv{,ACTIVO,6/5/2026,1,,991
992,dkennallyrj,lpavkovicrj@irs.gov,cW8!{/Zpy&Cjf,ACTIVO,10/9/2016,3,,992
993,zadamrk,krookesrk@acquirethisname.com,kP6=khO*_dm,INACTIVO,1/19/2023,2,,993
994,dgumnrl,vleahairrl@chronoengine.com,mG7$d5!})I.XS*,ACTIVO,12/12/2022,1,,994
995,rbartelrm,emaleneyrm@twitter.com,kO4#GID_q,INACTIVO,9/20/2021,3,,995
996,wkarczinskirn,ngeekiern@homestead.com,rD8`.w@ys.)/4Z,INACTIVO,1/23/2019,2,,996
997,llabbeyro,hwyonro@de.vu,"iT1&vGZJ%""Qh",ACTIVO,7/27/2020,3,,997
998,tdunleavyrp,mmixterrp@ocn.ne.jp,"eK4.p(o$Uz,+!n#",ACTIVO,9/9/2020,1,,998
999,jstitwellrq,jcasseldinerq@hc360.com,"rZ4>c,e/h$O",INACTIVO,12/5/2018,2,,999
1000,wjirasrr,mcolleranrr@loc.gov,fK9{18N'}Zmv,ACTIVO,10/1/2025,2,,1000
